罪名,手口,管轄警察署（発生地）,管轄交番・駐在所（発生地）,市区町村コード（発生地）,都道府県（発生地）,市区町村（発生地）,町丁目（発生地）,発生年月日（始期）,発生時（始期）,発生場所,発生場所の詳細,施錠関係,盗難防止装置の有無,現金以外の主な被害品
窃盗,自動車盗,千葉中央,千葉寺駅前交番,121011,千葉県,千葉市中央区,青葉町,2022/4/9,18,一戸建住宅,駐車（輪）場,キーなし,なし,なし
窃盗,自動車盗,千葉中央,千葉寺駅前交番,121011,千葉県,千葉市中央区,千葉寺町,2022/3/24,23,一戸建住宅,駐車（輪）場,キーなし,あり,乗用自動車
窃盗,自動車盗,千葉中央,千葉駅前交番,121011,千葉県,千葉市中央区,新町,2022/5/23,10,道路上,その他,キーなし,なし,乗用自動車
窃盗,自動車盗,千葉中央,千葉駅前交番,121011,千葉県,千葉市中央区,千葉寺町,2022/4/25,16,駐車（輪）場,駐車（輪）場,キーなし,あり,乗用自動車
窃盗,自動車盗,千葉中央,星久喜交番,121011,千葉県,千葉市中央区,仁戸名町,2022/7/27,1,その他の住宅（３階建て以下共同住宅等）,駐車（輪）場,キーなし,なし,乗用自動車
窃盗,自動車盗,千葉中央,星久喜交番,121011,千葉県,千葉市中央区,松ケ丘町,2022/1/4,20,その他,駐車（輪）場,キーなし,なし,乗用自動車
窃盗,自動車盗,千葉中央,本千葉駅前交番,121011,千葉県,千葉市中央区,市場町,2022/5/2,17,駐車（輪）場,駐車（輪）場,キーなし,あり,なし
窃盗,自動車盗,千葉中央,本千葉駅前交番,121011,千葉県,千葉市中央区,末広２丁目,2022/11/4,6,その他,駐車（輪）場,キーなし,あり,乗用自動車
窃盗,自動車盗,千葉中央,本千葉駅前交番,121011,千葉県,千葉市中央区,港町,2022/1/20,19,駐車（輪）場,駐車（輪）場,キーなし,なし,乗用自動車
窃盗,自動車盗,千葉中央,本町交番,121011,千葉県,千葉市中央区,院内１丁目,2022/11/10,20,駐車（輪）場,駐車（輪）場,キーなし,あり,乗用自動車
窃盗,自動車盗,千葉中央,本町交番,121011,千葉県,千葉市中央区,中央１丁目,2022/4/22,18,駐車（輪）場,駐車（輪）場,キーなし,あり,乗用自動車
窃盗,自動車盗,千葉中央,浜野駅前交番,121011,千葉県,千葉市中央区,生実町,2022/1/10,19,駐車（輪）場,駐車（輪）場,キーなし,なし,乗用自動車
窃盗,自動車盗,千葉中央,浜野駅前交番,121011,千葉県,千葉市中央区,生実町,2022/9/2,20,駐車（輪）場,駐車（輪）場,キーなし,なし,貨物自動車
窃盗,自動車盗,千葉中央,浜野駅前交番,121011,千葉県,千葉市中央区,生実町,2022/12/22,18,その他,その他,キーなし,あり,貨物自動車
窃盗,自動車盗,千葉中央,浜野駅前交番,121011,千葉県,千葉市中央区,新浜町,2022/10/29,22,その他,その他,キーあり,なし,貨物自動車
窃盗,自動車盗,千葉中央,浜野駅前交番,121011,千葉県,千葉市中央区,浜野町,2022/11/16,21,一戸建住宅,駐車（輪）場,キーなし,あり,乗用自動車
窃盗,自動車盗,千葉中央,浜野駅前交番,121011,千葉県,千葉市中央区,南生実町,2022/1/15,5,駐車（輪）場,駐車（輪）場,キーなし,なし,貨物自動車
窃盗,自動車盗,千葉中央,浜野駅前交番,121011,千葉県,千葉市中央区,村田町,2022/1/15,16,一戸建住宅,駐車（輪）場,キーなし,なし,乗用自動車
窃盗,自動車盗,千葉中央,浜野駅前交番,121011,千葉県,千葉市中央区,村田町,2022/5/3,15,その他の住宅（３階建て以下共同住宅等）,駐車（輪）場,キーなし,あり,乗用自動車
窃盗,自動車盗,千葉中央,登戸交番,121011,千葉県,千葉市中央区,新千葉３丁目,2022/3/28,6,その他,駐車（輪）場,キーあり,なし,乗用自動車
窃盗,自動車盗,千葉中央,白旗交番,121011,千葉県,千葉市中央区,白旗１丁目,2022/4/29,19,その他,駐車（輪）場,キーなし,なし,乗用自動車
窃盗,自動車盗,千葉中央,都交番,121011,千葉県,千葉市中央区,亀岡町,2022/1/13,20,その他の住宅（３階建て以下共同住宅等）,駐車（輪）場,キーなし,なし,乗用自動車
窃盗,自動車盗,千葉中央,都交番,121011,千葉県,千葉市中央区,都町３丁目,2022/4/11,2,その他,駐車（輪）場,キーあり,なし,乗用自動車
窃盗,自動車盗,千葉中央,都交番,121011,千葉県,千葉市中央区,矢作町,2022/11/1,18,駐車（輪）場,駐車（輪）場,キーなし,なし,その他
窃盗,自動車盗,千葉南,あすみが丘駐在所,121053,千葉県,千葉市緑区,あすみが丘東１丁目,2022/4/6,17,一戸建住宅,駐車（輪）場,キーなし,なし,乗用自動車
窃盗,自動車盗,千葉南,土気駅前交番,121053,千葉県,千葉市緑区,大木戸町,2022/9/15,23,その他,駐車（輪）場,キーなし,あり,乗用自動車
窃盗,自動車盗,千葉南,土気駅前交番,121053,千葉県,千葉市緑区,あすみが丘東１丁目,2022/4/6,22,一戸建住宅,駐車（輪）場,キーなし,あり,乗用自動車
窃盗,自動車盗,千葉南,学園前駅前交番,121053,千葉県,千葉市緑区,椎名崎町,2022/4/13,19,その他,その他,キーなし,なし,なし
窃盗,自動車盗,千葉南,学園前駅前交番,121053,千葉県,千葉市緑区,椎名崎町,2022/11/17,18,その他,その他,キーなし,なし,貨物自動車
窃盗,自動車盗,千葉南,学園前駅前交番,121053,千葉県,千葉市緑区,古市場町,2022/4/3,22,駐車（輪）場,駐車（輪）場,キーなし,あり,乗用自動車
窃盗,自動車盗,千葉南,学園前駅前交番,121053,千葉県,千葉市緑区,おゆみ野南６丁目,2022/8/3,0,一戸建住宅,駐車（輪）場,キーなし,あり,なし
窃盗,自動車盗,千葉南,誉田交番,121053,千葉県,千葉市緑区,誉田町１丁目,2022/11/18,22,その他の住宅（３階建て以下共同住宅等）,駐車（輪）場,キーなし,あり,乗用自動車
窃盗,自動車盗,千葉南,誉田交番,121053,千葉県,千葉市緑区,誉田町２丁目,2022/9/8,17,その他,その他,キーなし,なし,貨物自動車
窃盗,自動車盗,千葉南,誉田交番,121053,千葉県,千葉市緑区,誉田町２丁目,2022/9/9,7,駐車（輪）場,駐車（輪）場,キーなし,なし,なし
窃盗,自動車盗,千葉南,誉田交番,121053,千葉県,千葉市緑区,おゆみ野５丁目,2022/2/27,2,その他の住宅（３階建て以下共同住宅等）,駐車（輪）場,キーあり,なし,乗用自動車
窃盗,自動車盗,千葉南,鎌取駅前交番,121053,千葉県,千葉市緑区,おゆみ野中央７丁目,2022/3/1,16,駐車（輪）場,駐車（輪）場,キーなし,なし,なし
窃盗,自動車盗,習志野,京成大久保駅前交番,122165,千葉県,習志野市,本大久保３丁目,2022/1/23,15,駐車（輪）場,駐車（輪）場,キーなし,なし,乗用自動車
窃盗,自動車盗,習志野,京成津田沼駅前交番,122165,千葉県,習志野市,鷺沼３丁目,2022/1/23,21,一戸建住宅,駐車（輪）場,キーなし,なし,乗用自動車
窃盗,自動車盗,習志野,実籾交番,122165,千葉県,習志野市,東習志野８丁目,2022/12/17,23,その他の住宅（３階建て以下共同住宅等）,駐車（輪）場,キーなし,なし,乗用自動車
窃盗,自動車盗,習志野,実籾交番,122165,千葉県,習志野市,実籾２丁目,2022/11/20,10,その他,その他,キーなし,なし,貨物自動車
窃盗,自動車盗,習志野,実籾交番,122165,千葉県,習志野市,実籾３丁目,2022/4/13,21,駐車（輪）場,駐車（輪）場,キーなし,あり,乗用自動車
窃盗,自動車盗,習志野,実籾交番,122165,千葉県,習志野市,実籾５丁目,2022/3/5,22,一戸建住宅,駐車（輪）場,キーなし,なし,乗用自動車
窃盗,自動車盗,習志野,実籾交番,122165,千葉県,習志野市,実籾５丁目,2022/3/6,0,一戸建住宅,駐車（輪）場,キーなし,あり,なし
窃盗,自動車盗,習志野,藤崎交番,122165,千葉県,習志野市,藤崎３丁目,2022/8/20,1,一戸建住宅,駐車（輪）場,キーなし,あり,乗用自動車
窃盗,自動車盗,船橋,夏見交番,122041,千葉県,船橋市,金杉１丁目,2022/2/17,12,その他,駐車（輪）場,キーなし,なし,貨物自動車
窃盗,自動車盗,船橋,宮本交番,122041,千葉県,船橋市,東船橋４丁目,2022/6/14,16,一戸建住宅,駐車（輪）場,キーなし,なし,乗用自動車
窃盗,自動車盗,船橋,新船橋駅前交番,122041,千葉県,船橋市,北本町２丁目,2022/8/2,23,一戸建住宅,駐車（輪）場,キーなし,あり,乗用自動車
窃盗,自動車盗,船橋,東船橋駅前交番,122041,千葉県,船橋市,米ケ崎町,2022/5/27,19,その他,駐車（輪）場,キーなし,なし,なし
窃盗,自動車盗,船橋,東船橋駅前交番,122041,千葉県,船橋市,夏見１丁目,2022/1/5,20,その他の住宅（３階建て以下共同住宅等）,駐車（輪）場,キーなし,あり,乗用自動車
窃盗,自動車盗,船橋,船橋駅前交番,122041,千葉県,船橋市,本町３丁目,2022/7/25,20,一戸建住宅,駐車（輪）場,キーなし,なし,乗用自動車
窃盗,自動車盗,船橋,船橋駅前交番,122041,千葉県,船橋市,本町６丁目,2022/1/6,19,駐車（輪）場,駐車（輪）場,キーなし,あり,乗用自動車
窃盗,自動車盗,船橋,船橋駅前交番,122041,千葉県,船橋市,本町６丁目,2022/1/11,19,駐車（輪）場,駐車（輪）場,キーあり,なし,乗用自動車
窃盗,自動車盗,市川,中国分交番,122033,千葉県,市川市,中国分２丁目,2022/4/4,20,一戸建住宅,駐車（輪）場,キーなし,あり,乗用自動車
窃盗,自動車盗,市川,南八幡交番,122033,千葉県,市川市,南八幡４丁目,2022/11/28,1,４階建て以上共同住宅,駐車（輪）場,キーなし,あり,乗用自動車
窃盗,自動車盗,市川,国分交番,122033,千葉県,市川市,曽谷６丁目,2022/4/12,5,駐車（輪）場,駐車（輪）場,キーあり,あり,乗用自動車
窃盗,自動車盗,市川,大洲交番,122033,千葉県,市川市,大洲２丁目,2022/2/20,16,駐車（輪）場,駐車（輪）場,キーなし,あり,乗用自動車
窃盗,自動車盗,市川,大野駅前交番,122033,千葉県,市川市,大野町２丁目,2022/11/17,15,その他,駐車（輪）場,キーあり,なし,貨物自動車
窃盗,自動車盗,市川,大野駅前交番,122033,千葉県,市川市,大野町２丁目,2022/12/18,16,その他,駐車（輪）場,キーなし,なし,貨物自動車
窃盗,自動車盗,市川,市川駅前交番,122033,千葉県,市川市,市川１丁目,2021/10/11,13,駐車（輪）場,駐車（輪）場,キーあり,なし,乗用自動車
窃盗,自動車盗,市川,本八幡交番,122033,千葉県,市川市,八幡３丁目,2022/8/23,11,駐車（輪）場,駐車（輪）場,キーなし,なし,乗用自動車
窃盗,自動車盗,市川,柏井交番,122033,千葉県,市川市,柏井町１丁目,2022/12/10,10,道路上,その他,キーなし,なし,乗用自動車
窃盗,自動車盗,市川,柏井交番,122033,千葉県,市川市,柏井町３丁目,2022/11/22,18,一戸建住宅,駐車（輪）場,キーなし,あり,乗用自動車
窃盗,自動車盗,市川,柏井交番,122033,千葉県,市川市,北方町４丁目,2022/2/1,6,一戸建住宅,駐車（輪）場,キーなし,あり,乗用自動車
窃盗,自動車盗,市川,若宮交番,122033,千葉県,市川市,北方２丁目,2022/2/1,23,一戸建住宅,駐車（輪）場,キーなし,なし,乗用自動車
窃盗,自動車盗,市川,若宮交番,122033,千葉県,市川市,南大野１丁目,2022/7/10,13,駐車（輪）場,駐車（輪）場,キーなし,なし,乗用自動車
窃盗,自動車盗,浦安,富岡交番,122271,千葉県,浦安市,鉄鋼通り２丁目,2022/5/2,17,その他,その他,キーなし,なし,貨物自動車
窃盗,自動車盗,浦安,新浦安駅前交番,122271,千葉県,浦安市,美浜１丁目,2022/1/26,20,４階建て以上共同住宅,駐車（輪）場,キーなし,あり,乗用自動車
窃盗,自動車盗,浦安,新浦安駅前交番,122271,千葉県,浦安市,美浜１丁目,2022/1/28,15,４階建て以上共同住宅,駐車（輪）場,キーなし,あり,乗用自動車
窃盗,自動車盗,浦安,日の出交番,122271,千葉県,浦安市,明海２丁目,2022/9/3,2,一戸建住宅,駐車（輪）場,キーなし,あり,乗用自動車
窃盗,自動車盗,浦安,日の出交番,122271,千葉県,浦安市,日の出１丁目,2022/1/30,22,４階建て以上共同住宅,駐車（輪）場,キーなし,あり,乗用自動車
窃盗,自動車盗,浦安,舞浜駅前交番,122271,千葉県,浦安市,舞浜２丁目,2022/9/25,20,一戸建住宅,駐車（輪）場,キーなし,あり,乗用自動車
窃盗,自動車盗,松戸,二十世紀が丘交番,122076,千葉県,松戸市,二十世紀が丘美野里町,2022/9/20,20,一戸建住宅,駐車（輪）場,キーなし,あり,乗用自動車
窃盗,自動車盗,松戸,八柱交番,122076,千葉県,松戸市,日暮１丁目,2021/12/27,23,駐車（輪）場,駐車（輪）場,キーなし,あり,乗用自動車
窃盗,自動車盗,松戸,小根本交番,122076,千葉県,松戸市,栄町西５丁目,2022/7/20,14,駐車（輪）場,駐車（輪）場,キーなし,なし,貨物自動車
窃盗,自動車盗,松戸,松戸駅前交番,122076,千葉県,松戸市,本町,不明,不明,４階建て以上共同住宅,駐車（輪）場,キーなし,あり,乗用自動車
窃盗,自動車盗,松戸,松飛台交番,122076,千葉県,松戸市,牧の原,2021/12/27,12,４階建て以上共同住宅,駐車（輪）場,キーなし,なし,乗用自動車
窃盗,自動車盗,松戸,栄町交番,122076,千葉県,松戸市,古ケ崎,2022/7/24,2,一戸建住宅,駐車（輪）場,キーなし,あり,なし
窃盗,自動車盗,松戸,矢切交番,122076,千葉県,松戸市,上矢切,2022/3/3,23,一戸建住宅,駐車（輪）場,キーあり,なし,乗用自動車
窃盗,自動車盗,松戸,稔台交番,122076,千葉県,松戸市,松戸新田,2022/5/17,22,その他の住宅（３階建て以下共同住宅等）,駐車（輪）場,キーなし,あり,乗用自動車
窃盗,自動車盗,松戸,稔台交番,122076,千葉県,松戸市,松戸新田,2022/7/12,16,駐車（輪）場,駐車（輪）場,キーなし,あり,乗用自動車
窃盗,自動車盗,松戸,馬橋西交番,122076,千葉県,松戸市,西馬橋相川町,2022/10/10,13,駐車（輪）場,駐車（輪）場,キーあり,なし,乗用自動車
窃盗,自動車盗,野田,二川交番,122084,千葉県,野田市,柏寺,2022/11/29,19,その他,駐車（輪）場,キーなし,なし,貨物自動車
窃盗,自動車盗,野田,二川交番,122084,千葉県,野田市,木間ケ瀬,2021/12/22,9,駐車（輪）場,駐車（輪）場,キーあり,あり,その他
窃盗,自動車盗,野田,二川交番,122084,千葉県,野田市,木間ケ瀬,2022/3/18,16,駐車（輪）場,駐車（輪）場,キーなし,なし,貨物自動車
窃盗,自動車盗,野田,二川交番,122084,千葉県,野田市,木間ケ瀬,2022/5/11,13,駐車（輪）場,駐車（輪）場,キーなし,あり,乗用自動車
窃盗,自動車盗,野田,二川交番,122084,千葉県,野田市,木間ケ瀬,2022/9/8,19,駐車（輪）場,駐車（輪）場,キーあり,なし,貨物自動車
窃盗,自動車盗,野田,二川交番,122084,千葉県,野田市,木間ケ瀬,2022/9/20,12,その他,その他,キーあり,なし,貨物自動車
窃盗,自動車盗,野田,二川交番,122084,千葉県,野田市,桐ケ作,2022/11/15,14,駐車（輪）場,駐車（輪）場,キーなし,なし,貨物自動車
窃盗,自動車盗,野田,二川交番,122084,千葉県,野田市,新田戸,2022/5/25,11,駐車（輪）場,駐車（輪）場,キーなし,なし,乗用自動車
窃盗,自動車盗,野田,川間駅前交番,122084,千葉県,野田市,岩名,2022/6/21,1,その他,駐車（輪）場,キーなし,あり,乗用自動車
窃盗,自動車盗,野田,川間駅前交番,122084,千葉県,野田市,岩名２丁目,2022/7/9,15,一戸建住宅,駐車（輪）場,キーなし,なし,乗用自動車
窃盗,自動車盗,野田,川間駅前交番,122084,千葉県,野田市,岩名２丁目,2022/9/13,0,一戸建住宅,駐車（輪）場,キーなし,あり,乗用自動車
窃盗,自動車盗,野田,川間駅前交番,122084,千葉県,野田市,尾崎,2022/4/8,20,その他,その他,キーあり,なし,乗用自動車
窃盗,自動車盗,野田,川間駅前交番,122084,千葉県,野田市,尾崎,2022/8/24,20,駐車（輪）場,駐車（輪）場,キーあり,なし,貨物自動車
窃盗,自動車盗,野田,川間駅前交番,122084,千葉県,野田市,七光台,2022/8/3,0,その他,その他,キーあり,あり,乗用自動車
窃盗,自動車盗,野田,川間駅前交番,122084,千葉県,野田市,東金野井,2022/3/17,6,道路上,その他,キーあり,なし,乗用自動車
窃盗,自動車盗,野田,川間駅前交番,122084,千葉県,野田市,船形,2022/7/17,15,駐車（輪）場,駐車（輪）場,キーあり,あり,乗用自動車
窃盗,自動車盗,野田,川間駅前交番,122084,千葉県,野田市,光葉町３丁目,2022/3/16,8,一戸建住宅,駐車（輪）場,キーなし,なし,乗用自動車
窃盗,自動車盗,野田,川間駅前交番,122084,千葉県,野田市,光葉町３丁目,2022/10/7,0,その他,駐車（輪）場,キーなし,あり,乗用自動車
窃盗,自動車盗,野田,東部駐在所,122084,千葉県,野田市,鶴奉,2022/7/19,20,一戸建住宅,駐車（輪）場,キーなし,なし,乗用自動車
窃盗,自動車盗,野田,東部駐在所,122084,千葉県,野田市,目吹,2022/2/9,19,その他,その他,キーあり,あり,乗用自動車
窃盗,自動車盗,野田,梅郷駅前交番,122084,千葉県,野田市,堤根,2022/6/23,22,その他の住宅（３階建て以下共同住宅等）,駐車（輪）場,キーなし,なし,なし
窃盗,自動車盗,野田,梅郷駅前交番,122084,千葉県,野田市,花井,2022/1/2,19,一戸建住宅,駐車（輪）場,キーなし,あり,乗用自動車
窃盗,自動車盗,野田,梅郷駅前交番,122084,千葉県,野田市,山崎,2022/3/18,21,その他の住宅（３階建て以下共同住宅等）,駐車（輪）場,キーあり,あり,なし
窃盗,自動車盗,野田,梅郷駅前交番,122084,千葉県,野田市,山崎,2022/3/27,12,４階建て以上共同住宅,駐車（輪）場,キーなし,なし,乗用自動車
窃盗,自動車盗,野田,梅郷駅前交番,122084,千葉県,野田市,山崎貝塚町,2022/8/30,16,駐車（輪）場,駐車（輪）場,キーなし,あり,乗用自動車
窃盗,自動車盗,野田,梅郷駅前交番,122084,千葉県,野田市,みずき１丁目,2022/8/4,0,駐車（輪）場,駐車（輪）場,キーなし,なし,なし
窃盗,自動車盗,野田,梅郷駅前交番,122084,千葉県,野田市,みずき１丁目,2022/10/18,22,一戸建住宅,駐車（輪）場,キーあり,あり,乗用自動車
窃盗,自動車盗,野田,梅郷駅前交番,122084,千葉県,野田市,みずき１丁目,2022/11/29,6,一戸建住宅,駐車（輪）場,キーなし,あり,乗用自動車
窃盗,自動車盗,野田,梅郷駅前交番,122084,千葉県,野田市,みずき３丁目,2022/2/16,1,一戸建住宅,駐車（輪）場,キーなし,あり,乗用自動車
窃盗,自動車盗,野田,梅郷駅前交番,122084,千葉県,野田市,みずき３丁目,2022/8/3,20,一戸建住宅,その他,キーなし,あり,乗用自動車
窃盗,自動車盗,野田,梅郷駅前交番,122084,千葉県,野田市,みずき４丁目,2022/8/30,21,一戸建住宅,駐車（輪）場,キーなし,あり,乗用自動車
窃盗,自動車盗,野田,梅郷駅前交番,122084,千葉県,野田市,桜の里３丁目,2022/11/10,20,一戸建住宅,駐車（輪）場,キーなし,あり,乗用自動車
窃盗,自動車盗,野田,福田駐在所,122084,千葉県,野田市,瀬戸,2022/12/19,22,その他,その他,キーなし,なし,貨物自動車
窃盗,自動車盗,野田,船形駐在所,122084,千葉県,野田市,船形,2022/3/27,10,その他,その他,キーあり,なし,乗用自動車
窃盗,自動車盗,野田,船形駐在所,122084,千葉県,野田市,船形,2022/3/28,3,駐車（輪）場,駐車（輪）場,キーあり,なし,乗用自動車
窃盗,自動車盗,野田,船形駐在所,122084,千葉県,野田市,船形,2022/3/31,16,その他,駐車（輪）場,キーなし,なし,なし
窃盗,自動車盗,野田,船形駐在所,122084,千葉県,野田市,船形,2022/4/5,11,その他,その他,キーなし,なし,貨物自動車
窃盗,自動車盗,野田,船形駐在所,122084,千葉県,野田市,船形,2022/6/1,14,その他,その他,キーなし,なし,乗用自動車
窃盗,自動車盗,野田,船形駐在所,122084,千葉県,野田市,船形,2022/7/20,18,その他,駐車（輪）場,キーあり,あり,乗用自動車
窃盗,自動車盗,野田,野田市駅前交番,122084,千葉県,野田市,上花輪,2022/9/7,19,道路上,その他,キーなし,なし,乗用自動車
窃盗,自動車盗,野田,野田市駅前交番,122084,千葉県,野田市,清水,2022/5/24,1,その他の住宅（３階建て以下共同住宅等）,駐車（輪）場,キーなし,なし,乗用自動車
窃盗,自動車盗,野田,野田市駅前交番,122084,千葉県,野田市,清水,2022/11/8,22,一戸建住宅,駐車（輪）場,キーなし,あり,乗用自動車
窃盗,自動車盗,野田,野田市駅前交番,122084,千葉県,野田市,中根,2022/5/9,0,その他の住宅（３階建て以下共同住宅等）,駐車（輪）場,キーなし,あり,乗用自動車
窃盗,自動車盗,野田,野田市駅前交番,122084,千葉県,野田市,中根,2022/7/25,0,その他の住宅（３階建て以下共同住宅等）,駐車（輪）場,キーなし,なし,乗用自動車
窃盗,自動車盗,野田,野田市駅前交番,122084,千葉県,野田市,中根,2022/8/1,0,駐車（輪）場,駐車（輪）場,キーなし,あり,なし
窃盗,自動車盗,野田,野田市駅前交番,122084,千葉県,野田市,中野台,2022/11/3,21,一戸建住宅,駐車（輪）場,キーなし,あり,乗用自動車
窃盗,自動車盗,野田,野田市駅前交番,122084,千葉県,野田市,野田,2022/7/20,0,一戸建住宅,駐車（輪）場,キーなし,なし,乗用自動車
窃盗,自動車盗,野田,野田市駅前交番,122084,千葉県,野田市,宮崎,2022/5/16,22,その他の住宅（３階建て以下共同住宅等）,駐車（輪）場,キーなし,あり,乗用自動車
窃盗,自動車盗,野田,関宿駐在所,122084,千葉県,野田市,関宿台町,2022/1/24,16,その他,その他,キーなし,なし,特殊自動車
窃盗,自動車盗,野田,関宿駐在所,122084,千葉県,野田市,関宿台町,2022/12/3,17,その他,その他,キーなし,なし,特殊自動車
窃盗,自動車盗,野田,関宿駐在所,122084,千葉県,野田市,関宿町,2022/5/7,19,一戸建住宅,駐車（輪）場,キーあり,なし,貨物自動車
窃盗,自動車盗,柏,光ヶ丘交番,122173,千葉県,柏市,今谷上町,2022/3/26,18,その他の住宅（３階建て以下共同住宅等）,駐車（輪）場,キーなし,なし,乗用自動車
窃盗,自動車盗,柏,光ヶ丘交番,122173,千葉県,柏市,今谷上町,2022/5/22,9,駐車（輪）場,駐車（輪）場,キーなし,あり,乗用自動車
窃盗,自動車盗,柏,光ヶ丘交番,122173,千葉県,柏市,酒井根２丁目,2022/2/15,21,一戸建住宅,駐車（輪）場,キーなし,あり,乗用自動車
窃盗,自動車盗,柏,光ヶ丘交番,122173,千葉県,柏市,酒井根３丁目,2022/4/4,22,一戸建住宅,駐車（輪）場,キーなし,あり,乗用自動車
窃盗,自動車盗,柏,光ヶ丘交番,122173,千葉県,柏市,酒井根７丁目,2022/5/13,20,駐車（輪）場,駐車（輪）場,キーなし,なし,乗用自動車
窃盗,自動車盗,柏,北柏駅前交番,122173,千葉県,柏市,北柏１丁目,2022/3/28,8,駐車（輪）場,駐車（輪）場,キーなし,なし,乗用自動車
窃盗,自動車盗,柏,北柏駅前交番,122173,千葉県,柏市,北柏２丁目,2022/3/20,11,駐車（輪）場,駐車（輪）場,キーなし,なし,乗用自動車
窃盗,自動車盗,柏,北柏駅前交番,122173,千葉県,柏市,北柏２丁目,2022/4/27,20,駐車（輪）場,駐車（輪）場,キーなし,あり,乗用自動車
窃盗,自動車盗,柏,北柏駅前交番,122173,千葉県,柏市,北柏４丁目,2022/4/15,18,その他の住宅（３階建て以下共同住宅等）,駐車（輪）場,キーなし,なし,乗用自動車
窃盗,自動車盗,柏,北柏駅前交番,122173,千葉県,柏市,宿連寺,2022/3/25,18,その他の住宅（３階建て以下共同住宅等）,駐車（輪）場,キーなし,なし,なし
窃盗,自動車盗,柏,北柏駅前交番,122173,千葉県,柏市,宿連寺,2022/3/25,20,駐車（輪）場,駐車（輪）場,キーなし,なし,なし
窃盗,自動車盗,柏,北柏駅前交番,122173,千葉県,柏市,根戸,2022/4/7,12,駐車（輪）場,駐車（輪）場,キーなし,なし,乗用自動車
窃盗,自動車盗,柏,北柏駅前交番,122173,千葉県,柏市,根戸,2022/8/29,19,一戸建住宅,駐車（輪）場,キーなし,あり,乗用自動車
窃盗,自動車盗,柏,南増尾交番,122173,千葉県,柏市,逆井,2022/11/23,17,その他,その他,キーあり,なし,特殊自動車
窃盗,自動車盗,柏,増尾駅前交番,122173,千葉県,柏市,加賀３丁目,2022/2/13,16,駐車（輪）場,駐車（輪）場,キーなし,あり,乗用自動車
窃盗,自動車盗,柏,増尾駅前交番,122173,千葉県,柏市,藤心,2022/12/25,16,その他,その他,キーあり,あり,乗用自動車
窃盗,自動車盗,柏,増尾駅前交番,122173,千葉県,柏市,増尾台４丁目,2022/2/26,18,一戸建住宅,駐車（輪）場,キーなし,なし,乗用自動車
窃盗,自動車盗,柏,大津ヶ丘交番,122173,千葉県,柏市,大井,2022/3/15,21,道路上,その他,キーあり,なし,乗用自動車
窃盗,自動車盗,柏,大津ヶ丘交番,122173,千葉県,柏市,塚崎,2021/12/27,18,その他,駐車（輪）場,キーなし,なし,乗用自動車
窃盗,自動車盗,柏,大津ヶ丘交番,122173,千葉県,柏市,塚崎,2022/4/4,22,その他,駐車（輪）場,キーあり,なし,なし
窃盗,自動車盗,柏,旭町交番,122173,千葉県,柏市,旭町６丁目,2022/12/5,21,その他の住宅（３階建て以下共同住宅等）,駐車（輪）場,キーなし,なし,乗用自動車
窃盗,自動車盗,柏,旭町交番,122173,千葉県,柏市,篠籠田,2022/3/16,22,４階建て以上共同住宅,駐車（輪）場,キーあり,なし,乗用自動車
窃盗,自動車盗,柏,松葉町交番,122173,千葉県,柏市,大室１丁目,2022/9/1,17,その他の住宅（３階建て以下共同住宅等）,駐車（輪）場,キーなし,あり,乗用自動車
窃盗,自動車盗,柏,松葉町交番,122173,千葉県,柏市,十余二,2022/4/15,18,駐車（輪）場,駐車（輪）場,キーなし,あり,乗用自動車
窃盗,自動車盗,柏,松葉町交番,122173,千葉県,柏市,松ケ崎,2022/3/21,13,駐車（輪）場,駐車（輪）場,キーなし,あり,なし
窃盗,自動車盗,柏,松葉町交番,122173,千葉県,柏市,松葉町６丁目,2022/1/17,21,一戸建住宅,駐車（輪）場,キーなし,あり,乗用自動車
窃盗,自動車盗,柏,松葉町交番,122173,千葉県,柏市,松葉町７丁目,2022/8/8,20,一戸建住宅,駐車（輪）場,キーなし,あり,乗用自動車
窃盗,自動車盗,柏,松葉町交番,122173,千葉県,柏市,松葉町７丁目,2022/8/30,18,一戸建住宅,駐車（輪）場,キーなし,あり,乗用自動車
窃盗,自動車盗,柏,松葉町交番,122173,千葉県,柏市,松葉町７丁目,2022/10/20,1,その他の住宅（３階建て以下共同住宅等）,駐車（輪）場,キーなし,なし,乗用自動車
窃盗,自動車盗,柏,柏の葉キャンパス交番,122173,千葉県,柏市,正連寺,2022/9/1,21,その他,駐車（輪）場,キーあり,なし,乗用自動車
窃盗,自動車盗,柏,柏の葉キャンパス交番,122173,千葉県,柏市,若柴,2022/6/10,10,駐車（輪）場,駐車（輪）場,キーなし,あり,乗用自動車
窃盗,自動車盗,柏,柏の葉キャンパス交番,122173,千葉県,柏市,若柴,2022/7/19,9,その他の住宅（３階建て以下共同住宅等）,駐車（輪）場,キーなし,あり,乗用自動車
窃盗,自動車盗,柏,柏の葉キャンパス交番,122173,千葉県,柏市,若柴,2022/10/17,21,その他,駐車（輪）場,キーあり,あり,乗用自動車
窃盗,自動車盗,柏,柏の葉キャンパス交番,122173,千葉県,柏市,若柴,2022/10/19,8,駐車（輪）場,駐車（輪）場,キーなし,あり,乗用自動車
窃盗,自動車盗,柏,柏駅前交番,122173,千葉県,柏市,柏,2022/2/26,19,一戸建住宅,駐車（輪）場,キーなし,なし,乗用自動車
窃盗,自動車盗,柏,柏駅前交番,122173,千葉県,柏市,柏７丁目,2022/2/18,13,駐車（輪）場,駐車（輪）場,キーなし,あり,乗用自動車
窃盗,自動車盗,柏,泉駐在所,122173,千葉県,柏市,岩井,2022/7/1,14,その他,駐車（輪）場,キーなし,なし,乗用自動車
窃盗,自動車盗,柏,泉駐在所,122173,千葉県,柏市,岩井,2022/9/7,19,その他,駐車（輪）場,キーなし,なし,特殊自動車
窃盗,自動車盗,柏,泉駐在所,122173,千葉県,柏市,布瀬,2022/2/21,12,その他,駐車（輪）場,キーあり,なし,乗用自動車
窃盗,自動車盗,柏,緑ヶ丘交番,122173,千葉県,柏市,弥生町,2022/11/17,2,その他,駐車（輪）場,キーあり,なし,乗用自動車
窃盗,自動車盗,柏,船戸駐在所,122173,千葉県,柏市,船戸,2022/3/31,0,駐車（輪）場,駐車（輪）場,キーなし,なし,乗用自動車
窃盗,自動車盗,柏,船戸駐在所,122173,千葉県,柏市,船戸１丁目,2022/1/18,18,駐車（輪）場,駐車（輪）場,キーなし,なし,乗用自動車
窃盗,自動車盗,柏,船戸駐在所,122173,千葉県,柏市,船戸１丁目,2022/3/26,7,その他,駐車（輪）場,キーなし,あり,乗用自動車
窃盗,自動車盗,柏,船戸駐在所,122173,千葉県,柏市,船戸３丁目,2022/7/24,20,一戸建住宅,その他,キーなし,あり,乗用自動車
窃盗,自動車盗,柏,船戸駐在所,122173,千葉県,柏市,船戸３丁目,2022/7/29,2,一戸建住宅,駐車（輪）場,キーなし,あり,なし
窃盗,自動車盗,柏,花野井交番,122173,千葉県,柏市,小青田１丁目,2022/8/25,19,駐車（輪）場,駐車（輪）場,キーなし,なし,乗用自動車
窃盗,自動車盗,柏,花野井交番,122173,千葉県,柏市,小青田１丁目,2022/8/25,22,駐車（輪）場,駐車（輪）場,キーなし,なし,乗用自動車
窃盗,自動車盗,柏,花野井交番,122173,千葉県,柏市,小青田１丁目,2022/8/29,20,その他の住宅（３階建て以下共同住宅等）,駐車（輪）場,キーなし,あり,乗用自動車
窃盗,自動車盗,柏,花野井交番,122173,千葉県,柏市,小青田２丁目,2022/1/17,18,駐車（輪）場,駐車（輪）場,キーなし,なし,乗用自動車
窃盗,自動車盗,柏,花野井交番,122173,千葉県,柏市,小青田３丁目,2022/2/1,22,一戸建住宅,駐車（輪）場,キーなし,あり,乗用自動車
窃盗,自動車盗,柏,花野井交番,122173,千葉県,柏市,小青田３丁目,2022/8/29,11,４階建て以上共同住宅,駐車（輪）場,キーなし,あり,乗用自動車
窃盗,自動車盗,柏,花野井交番,122173,千葉県,柏市,小青田３丁目,2022/9/1,22,その他の住宅（３階建て以下共同住宅等）,駐車（輪）場,キーなし,あり,乗用自動車
窃盗,自動車盗,柏,藤ヶ谷駐在所,122173,千葉県,柏市,藤ケ谷,2021/9/17,21,駐車（輪）場,駐車（輪）場,キーあり,なし,乗用自動車
窃盗,自動車盗,柏,藤ヶ谷駐在所,122173,千葉県,柏市,藤ケ谷,2022/4/29,19,その他,その他,キーあり,あり,乗用自動車
窃盗,自動車盗,柏,豊四季駅前交番,122173,千葉県,柏市,篠籠田,2021/12/18,23,その他の住宅（３階建て以下共同住宅等）,駐車（輪）場,キーなし,なし,乗用自動車
窃盗,自動車盗,柏,豊四季駅前交番,122173,千葉県,柏市,高田,2022/6/10,0,一戸建住宅,駐車（輪）場,キーなし,あり,乗用自動車
窃盗,自動車盗,柏,豊四季駅前交番,122173,千葉県,柏市,豊上町,2022/2/15,20,一戸建住宅,駐車（輪）場,キーなし,あり,乗用自動車
窃盗,自動車盗,柏,豊四季駅前交番,122173,千葉県,柏市,豊四季,2022/4/15,22,駐車（輪）場,駐車（輪）場,キーなし,なし,乗用自動車
窃盗,自動車盗,柏,高柳交番,122173,千葉県,柏市,しいの木台５丁目,2022/2/8,17,一戸建住宅,駐車（輪）場,キーなし,なし,乗用自動車
窃盗,自動車盗,柏,高柳交番,122173,千葉県,柏市,高柳１丁目,2022/1/28,17,一戸建住宅,駐車（輪）場,キーなし,あり,乗用自動車
窃盗,自動車盗,柏,高柳交番,122173,千葉県,柏市,藤ケ谷新田,2022/1/24,19,その他,駐車（輪）場,キーなし,あり,乗用自動車
窃盗,自動車盗,柏,高田原交番,122173,千葉県,柏市,西原６丁目,2022/4/18,4,駐車（輪）場,駐車（輪）場,キーなし,あり,貨物自動車
窃盗,自動車盗,柏,高田原交番,122173,千葉県,柏市,みどり台３丁目,2022/1/28,1,一戸建住宅,駐車（輪）場,キーなし,あり,乗用自動車
窃盗,自動車盗,佐倉,ユーカリが丘交番,122122,千葉県,佐倉市,上座,2022/9/13,7,駐車（輪）場,駐車（輪）場,キーなし,なし,乗用自動車
窃盗,自動車盗,佐倉,中志津駐在所,122122,千葉県,佐倉市,中志津１丁目,2022/4/11,6,一戸建住宅,駐車（輪）場,キーなし,あり,乗用自動車
窃盗,自動車盗,佐倉,京成佐倉駅前交番,122122,千葉県,佐倉市,大蛇町,2022/7/28,15,その他,その他,キーなし,なし,貨物自動車
窃盗,自動車盗,佐倉,京成佐倉駅前交番,122122,千葉県,佐倉市,下根,2022/3/27,18,その他,駐車（輪）場,キーあり,なし,乗用自動車
窃盗,自動車盗,佐倉,京成志津駅前交番,122122,千葉県,佐倉市,井野,2022/5/1,19,一戸建住宅,駐車（輪）場,キーなし,なし,乗用自動車
窃盗,自動車盗,佐倉,京成志津駅前交番,122122,千葉県,佐倉市,井野,2022/5/1,21,一戸建住宅,駐車（輪）場,キーなし,なし,乗用自動車
窃盗,自動車盗,佐倉,京成志津駅前交番,122122,千葉県,佐倉市,井野,2022/6/18,22,一戸建住宅,駐車（輪）場,キーなし,なし,乗用自動車
窃盗,自動車盗,佐倉,京成志津駅前交番,122122,千葉県,佐倉市,上志津原,2022/3/26,23,その他の住宅（３階建て以下共同住宅等）,駐車（輪）場,キーあり,なし,乗用自動車
窃盗,自動車盗,佐倉,京成志津駅前交番,122122,千葉県,佐倉市,西志津３丁目,2022/5/1,16,４階建て以上共同住宅,駐車（輪）場,キーなし,あり,乗用自動車
窃盗,自動車盗,佐倉,佐倉駅前交番,122122,千葉県,佐倉市,小篠塚,2022/4/29,19,その他,その他,キーあり,なし,貨物自動車
窃盗,自動車盗,佐倉,佐倉駅前交番,122122,千葉県,佐倉市,表町２丁目,2022/12/4,21,駐車（輪）場,駐車（輪）場,キーなし,なし,貨物自動車
窃盗,自動車盗,佐倉,八街幹部交番,122301,千葉県,八街市,大木,2022/4/12,19,その他の住宅（３階建て以下共同住宅等）,駐車（輪）場,キーなし,あり,貨物自動車
窃盗,自動車盗,佐倉,八街幹部交番,122301,千葉県,八街市,大木,2022/12/5,16,その他,駐車（輪）場,キーなし,なし,貨物自動車
窃盗,自動車盗,佐倉,八街幹部交番,122301,千葉県,八街市,八街へ,2022/11/25,18,その他,その他,キーあり,なし,貨物自動車
窃盗,自動車盗,佐倉,八街幹部交番,122301,千葉県,八街市,八街ほ,2022/5/27,17,その他,駐車（輪）場,キーあり,なし,乗用自動車
窃盗,自動車盗,佐倉,八街幹部交番,122301,千葉県,八街市,八街ほ,2022/10/30,12,駐車（輪）場,駐車（輪）場,キーなし,なし,貨物自動車
窃盗,自動車盗,佐倉,八街駅前交番,122301,千葉県,八街市,八街に,2022/9/28,0,その他,駐車（輪）場,キーなし,なし,貨物自動車
窃盗,自動車盗,佐倉,八街駅前交番,122301,千葉県,八街市,八街に,2022/10/3,17,一戸建住宅,駐車（輪）場,キーなし,あり,貨物自動車
窃盗,自動車盗,佐倉,吉倉交番,122301,千葉県,八街市,砂,2022/12/13,17,その他,その他,キーなし,なし,貨物自動車
窃盗,自動車盗,佐倉,吉倉交番,122301,千葉県,八街市,八街へ,2022/3/11,20,その他,駐車（輪）場,キーなし,なし,貨物自動車
窃盗,自動車盗,佐倉,吉倉交番,122301,千葉県,八街市,八街へ,2022/5/30,13,その他,その他,キーなし,なし,乗用自動車
窃盗,自動車盗,佐倉,和田駐在所,122122,千葉県,佐倉市,瓜坪新田,2022/7/29,11,一戸建住宅,駐車（輪）場,キーあり,なし,貨物自動車
窃盗,自動車盗,佐倉,山田台駐在所,122301,千葉県,八街市,滝台,2022/9/17,11,その他,その他,キーなし,なし,なし
窃盗,自動車盗,佐倉,山田台駐在所,122301,千葉県,八街市,山田台,2022/4/12,18,その他,駐車（輪）場,キーなし,なし,なし
窃盗,自動車盗,佐倉,弥富駐在所,122122,千葉県,佐倉市,岩富,2022/3/22,11,その他,駐車（輪）場,キーあり,なし,貨物自動車
窃盗,自動車盗,佐倉,弥富駐在所,122122,千葉県,佐倉市,岩富,2022/4/1,17,その他,駐車（輪）場,キーなし,なし,貨物自動車
窃盗,自動車盗,佐倉,弥富駐在所,122122,千葉県,佐倉市,坂戸,2022/11/1,23,その他,その他,キーなし,なし,貨物自動車
窃盗,自動車盗,佐倉,弥富駐在所,122122,千葉県,佐倉市,西御門,2022/12/9,7,駐車（輪）場,駐車（輪）場,キーなし,なし,貨物自動車
窃盗,自動車盗,佐倉,榎戸交番,122301,千葉県,八街市,八街は,2022/5/22,17,その他の住宅（３階建て以下共同住宅等）,駐車（輪）場,キーなし,なし,乗用自動車
窃盗,自動車盗,佐倉,榎戸交番,122301,千葉県,八街市,八街は,2022/7/23,20,その他,駐車（輪）場,キーあり,なし,なし
窃盗,自動車盗,佐倉,榎戸交番,122301,千葉県,八街市,八街は,2022/7/30,5,その他,その他,キーあり,なし,貨物自動車
窃盗,自動車盗,佐倉,臼井交番,122122,千葉県,佐倉市,畔田,2022/4/12,11,その他,その他,キーあり,なし,貨物自動車
窃盗,自動車盗,佐倉,臼井交番,122122,千葉県,佐倉市,臼井,2022/4/11,8,一戸建住宅,駐車（輪）場,キーあり,なし,乗用自動車
窃盗,自動車盗,佐倉,臼井交番,122122,千葉県,佐倉市,臼井台,2022/11/10,23,その他の住宅（３階建て以下共同住宅等）,駐車（輪）場,キーなし,なし,貨物自動車
窃盗,自動車盗,佐倉,西林駐在所,122301,千葉県,八街市,八街い,2022/4/22,0,その他,駐車（輪）場,キーあり,あり,乗用自動車
窃盗,自動車盗,佐倉,西林駐在所,122301,千葉県,八街市,八街い,2022/5/24,8,一戸建住宅,駐車（輪）場,キーあり,なし,乗用自動車
窃盗,自動車盗,佐倉,酒々井交番,123226,千葉県,酒々井町,上岩橋,2022/11/22,22,その他,その他,キーなし,なし,貨物自動車
窃盗,自動車盗,佐倉,酒々井交番,123226,千葉県,酒々井町,上本佐倉,2022/10/17,12,その他,駐車（輪）場,キーなし,なし,乗用自動車
窃盗,自動車盗,佐倉,酒々井交番,123226,千葉県,酒々井町,酒々井,2022/1/10,20,駐車（輪）場,駐車（輪）場,キーなし,あり,乗用自動車
窃盗,自動車盗,佐倉,酒々井交番,123226,千葉県,酒々井町,下岩橋,2022/12/4,9,その他の住宅（３階建て以下共同住宅等）,駐車（輪）場,キーなし,なし,貨物自動車
窃盗,自動車盗,佐倉,酒々井交番,123226,千葉県,酒々井町,墨,2022/5/18,19,一戸建住宅,駐車（輪）場,キーなし,あり,なし
窃盗,自動車盗,佐倉,酒々井交番,123226,千葉県,酒々井町,墨,2022/7/12,18,その他,駐車（輪）場,キーなし,なし,貨物自動車
窃盗,自動車盗,成田,七栄交番,122335,千葉県,富里市,立沢,2022/12/24,17,その他,その他,キーなし,なし,特殊自動車
窃盗,自動車盗,成田,七栄交番,122335,千葉県,富里市,立沢新田,2022/1/12,23,その他,その他,キーあり,なし,乗用自動車
窃盗,自動車盗,成田,七栄交番,122335,千葉県,富里市,七栄,2022/2/28,11,駐車（輪）場,駐車（輪）場,キーなし,なし,貨物自動車
窃盗,自動車盗,成田,七栄交番,122335,千葉県,富里市,七栄,2022/3/5,20,その他,その他,キーなし,なし,乗用自動車
窃盗,自動車盗,成田,七栄交番,122335,千葉県,富里市,七栄,2022/11/13,12,その他,駐車（輪）場,キーなし,なし,貨物自動車
窃盗,自動車盗,成田,七栄交番,122335,千葉県,富里市,七栄,2022/11/24,1,その他,その他,キーあり,なし,乗用自動車
窃盗,自動車盗,成田,七栄交番,122335,千葉県,富里市,七栄,2022/11/29,15,その他,駐車（輪）場,キーなし,なし,貨物自動車
窃盗,自動車盗,成田,七栄交番,122335,千葉県,富里市,七栄,2022/12/21,17,その他,その他,キーなし,なし,貨物自動車
窃盗,自動車盗,成田,七栄交番,122335,千葉県,富里市,七栄,2022/12/23,18,その他の住宅（３階建て以下共同住宅等）,駐車（輪）場,キーなし,あり,乗用自動車
窃盗,自動車盗,成田,両国駐在所,122335,千葉県,富里市,御料,2022/1/28,16,その他,その他,キーあり,なし,特殊自動車
窃盗,自動車盗,成田,両国駐在所,122335,千葉県,富里市,十倉,2022/12/1,22,駐車（輪）場,駐車（輪）場,キーなし,なし,貨物自動車
窃盗,自動車盗,成田,公津の杜交番,122114,千葉県,成田市,飯田町,2022/2/16,19,一戸建住宅,その他,キーなし,あり,乗用自動車
窃盗,自動車盗,成田,公津の杜交番,122114,千葉県,成田市,飯田町,2022/12/6,16,一戸建住宅,駐車（輪）場,キーなし,なし,貨物自動車
窃盗,自動車盗,成田,公津の杜交番,122114,千葉県,成田市,台方,2022/12/6,22,その他,駐車（輪）場,キーあり,なし,乗用自動車
窃盗,自動車盗,成田,公津の杜交番,122114,千葉県,成田市,並木町,2022/1/3,16,４階建て以上共同住宅,駐車（輪）場,キーなし,あり,乗用自動車
窃盗,自動車盗,成田,公津の杜交番,122114,千葉県,成田市,公津の杜２丁目,2022/7/26,19,その他の住宅（３階建て以下共同住宅等）,駐車（輪）場,キーなし,あり,乗用自動車
窃盗,自動車盗,成田,公津の杜交番,122114,千葉県,成田市,公津の杜６丁目,2022/7/26,21,一戸建住宅,駐車（輪）場,キーなし,あり,乗用自動車
窃盗,自動車盗,成田,十余三駐在所,122114,千葉県,成田市,取香,2022/9/10,12,駐車（輪）場,駐車（輪）場,キーあり,なし,乗用自動車
窃盗,自動車盗,成田,小菅駐在所,122114,千葉県,成田市,小菅,2022/9/20,0,一戸建住宅,駐車（輪）場,キーなし,あり,乗用自動車
窃盗,自動車盗,成田,成田駅前交番,122114,千葉県,成田市,東町,2022/3/26,20,駐車（輪）場,駐車（輪）場,キーなし,あり,乗用自動車
窃盗,自動車盗,成田,日吉台交番,122335,千葉県,富里市,日吉倉,2022/9/10,不明,駐車（輪）場,駐車（輪）場,キーなし,なし,なし
窃盗,自動車盗,成田,日吉台交番,122335,千葉県,富里市,日吉台６丁目,2022/9/12,19,一戸建住宅,その他,キーなし,あり,乗用自動車
窃盗,自動車盗,成田,栄交番,123293,千葉県,栄町,竜角寺台４丁目,2022/2/14,19,一戸建住宅,駐車（輪）場,キーなし,あり,乗用自動車
窃盗,自動車盗,成田,滑川駐在所,122114,千葉県,成田市,西大須賀,不明,不明,一戸建住宅,駐車（輪）場,キーなし,なし,なし
窃盗,自動車盗,印西,中央駅前交番,122319,千葉県,印西市,木刈２丁目,2022/12/2,18,４階建て以上共同住宅,駐車（輪）場,キーなし,なし,乗用自動車
窃盗,自動車盗,印西,冨士駐在所,122327,千葉県,白井市,冨士,2022/3/1,17,その他,駐車（輪）場,キーあり,なし,貨物自動車
窃盗,自動車盗,印西,小林交番,122319,千葉県,印西市,小林,2022/4/8,13,一戸建住宅,駐車（輪）場,キーなし,なし,なし
窃盗,自動車盗,印西,岩戸駐在所,122319,千葉県,印西市,岩戸,2022/5/16,11,その他,その他,キーあり,なし,乗用自動車
窃盗,自動車盗,印西,岩戸駐在所,122319,千葉県,印西市,岩戸,2022/5/17,3,その他,その他,キーあり,なし,乗用自動車
窃盗,自動車盗,印西,木下駅前交番,122319,千葉県,印西市,竹袋,2022/6/26,0,その他,その他,キーあり,なし,貨物自動車
窃盗,自動車盗,印西,本埜駐在所,122319,千葉県,印西市,荒野,2022/7/31,17,その他,その他,キーあり,なし,乗用自動車
窃盗,自動車盗,印西,牧の原前交番,122319,千葉県,印西市,草深,2022/8/17,16,その他,その他,キーなし,あり,特殊自動車
窃盗,自動車盗,印西,牧の原前交番,122319,千葉県,印西市,西の原２丁目,2022/3/14,22,一戸建住宅,駐車（輪）場,キーなし,なし,その他
窃盗,自動車盗,印西,牧の原前交番,122319,千葉県,印西市,西の原３丁目,2022/4/29,21,その他の住宅（３階建て以下共同住宅等）,駐車（輪）場,キーなし,なし,乗用自動車
窃盗,自動車盗,印西,牧の原前交番,122319,千葉県,印西市,牧の原４丁目,2022/9/12,1,一戸建住宅,駐車（輪）場,キーなし,あり,乗用自動車
窃盗,自動車盗,印西,牧の原前交番,122319,千葉県,印西市,牧の原６丁目,2022/3/8,21,駐車（輪）場,駐車（輪）場,キーなし,あり,乗用自動車
窃盗,自動車盗,印西,白井交番,122327,千葉県,白井市,折立,2022/11/24,15,その他,その他,キーなし,なし,なし
窃盗,自動車盗,印西,白井交番,122327,千葉県,白井市,平塚,2022/6/25,22,一戸建住宅,駐車（輪）場,キーなし,なし,なし
窃盗,自動車盗,印西,白井駅前交番,122327,千葉県,白井市,神々廻,2022/3/23,1,その他,駐車（輪）場,キーなし,なし,貨物自動車
窃盗,自動車盗,印西,白井駅前交番,122327,千葉県,白井市,神々廻,2022/8/4,17,一戸建住宅,駐車（輪）場,キーなし,あり,乗用自動車
窃盗,自動車盗,印西,白井駅前交番,122327,千葉県,白井市,堀込３丁目,2022/1/26,2,一戸建住宅,駐車（輪）場,キーなし,あり,乗用自動車
窃盗,自動車盗,印西,白井駅前交番,122327,千葉県,白井市,堀込３丁目,2022/1/26,2,一戸建住宅,駐車（輪）場,キーなし,あり,乗用自動車
窃盗,自動車盗,印西,白井駅前交番,122327,千葉県,白井市,南山３丁目,2022/4/4,19,一戸建住宅,駐車（輪）場,キーなし,なし,乗用自動車
窃盗,自動車盗,印西,船尾駐在所,122319,千葉県,印西市,武西,2022/11/10,22,一戸建住宅,駐車（輪）場,キーなし,なし,乗用自動車
窃盗,自動車盗,印西,西白井駅前交番,122327,千葉県,白井市,七次台３丁目,2022/4/4,16,一戸建住宅,駐車（輪）場,キーなし,あり,乗用自動車
窃盗,自動車盗,印西,西白井駅前交番,122327,千葉県,白井市,根,2022/3/28,23,一戸建住宅,駐車（輪）場,キーなし,なし,乗用自動車
窃盗,自動車盗,印西,西白井駅前交番,122327,千葉県,白井市,根,2022/4/21,23,一戸建住宅,駐車（輪）場,キーなし,なし,乗用自動車
窃盗,自動車盗,香取,九美上駐在所,122360,千葉県,香取市,福田,2022/4/20,19,その他,駐車（輪）場,キーなし,なし,貨物自動車
窃盗,自動車盗,香取,佐原駅前交番,122360,千葉県,香取市,大戸,2022/4/18,20,道路上,その他,キーなし,なし,乗用自動車
窃盗,自動車盗,香取,北佐原駐在所,122360,千葉県,香取市,篠原ロ,2022/7/28,18,その他,駐車（輪）場,キーなし,なし,貨物自動車
窃盗,自動車盗,香取,多古幹部交番,123471,千葉県,多古町,島,2022/12/2,7,一戸建住宅,駐車（輪）場,キーなし,なし,貨物自動車
窃盗,自動車盗,香取,大戸川駐在所,122360,千葉県,香取市,大戸川,2022/3/27,18,その他,その他,キーあり,なし,特殊自動車
窃盗,自動車盗,香取,大戸川駐在所,122360,千葉県,香取市,西部田,2022/2/18,20,その他,その他,キーなし,なし,貨物自動車
窃盗,自動車盗,香取,小見川幹部交番,122360,千葉県,香取市,八日市場,2022/12/9,17,その他,駐車（輪）場,キーなし,なし,その他
窃盗,自動車盗,香取,岩部駐在所,122360,千葉県,香取市,岩部,不明,不明,その他,駐車（輪）場,キーなし,なし,乗用自動車
窃盗,自動車盗,香取,東庄交番,123498,千葉県,東庄町,平山,不明,不明,その他,駐車（輪）場,キーあり,なし,特殊自動車
窃盗,自動車盗,香取,神里駐在所,122360,千葉県,香取市,虫幡,2022/4/20,18,その他,その他,キーなし,あり,なし
窃盗,自動車盗,香取,神里駐在所,122360,千葉県,香取市,龍谷,2022/3/21,16,一戸建住宅,その他,キーなし,なし,貨物自動車
窃盗,自動車盗,銚子,中央交番,122025,千葉県,銚子市,川口町１丁目,2022/7/19,18,その他,駐車（輪）場,キーなし,なし,貨物自動車
窃盗,自動車盗,銚子,中央交番,122025,千葉県,銚子市,通町,2022/7/19,12,その他,駐車（輪）場,キーなし,なし,貨物自動車
窃盗,自動車盗,銚子,本城駐在所,122025,千葉県,銚子市,本城町４丁目,2022/3/1,19,その他,駐車（輪）場,キーあり,あり,乗用自動車
窃盗,自動車盗,旭,万才駐在所,122157,千葉県,旭市,萬歳,2022/3/20,17,その他,その他,キーなし,なし,特殊自動車
窃盗,自動車盗,旭,古城駐在所,122157,千葉県,旭市,秋田,2022/11/25,16,一戸建住宅,駐車（輪）場,キーあり,なし,貨物自動車
窃盗,自動車盗,旭,古城駐在所,122157,千葉県,旭市,萬力,2022/5/1,1,一戸建住宅,駐車（輪）場,キーあり,なし,貨物自動車
窃盗,自動車盗,旭,富浦駐在所,122157,千葉県,旭市,駒込,2022/8/24,10,その他,その他,キーあり,なし,貨物自動車
窃盗,自動車盗,旭,干潟駅前交番,122157,千葉県,旭市,川口,2022/3/18,8,その他,駐車（輪）場,キーあり,なし,貨物自動車
窃盗,自動車盗,旭,署所在地,122157,千葉県,旭市,イ,2022/6/30,23,一戸建住宅,駐車（輪）場,キーあり,なし,乗用自動車
窃盗,自動車盗,旭,署所在地,122157,千葉県,旭市,イ,2022/10/30,10,駐車（輪）場,駐車（輪）場,キーあり,なし,乗用自動車
窃盗,自動車盗,旭,署所在地,122157,千葉県,旭市,イ,2022/12/1,17,一戸建住宅,駐車（輪）場,キーなし,なし,乗用自動車
窃盗,自動車盗,旭,署所在地,122157,千葉県,旭市,ハ,2022/6/1,18,その他の住宅（３階建て以下共同住宅等）,駐車（輪）場,キーなし,あり,乗用自動車
窃盗,自動車盗,匝瑳,署所在地,122351,千葉県,匝瑳市,八日市場イ,2022/8/9,13,道路上,その他,キーあり,なし,貨物自動車
窃盗,自動車盗,匝瑳,署所在地,122351,千葉県,匝瑳市,八日市場イ,2022/8/17,16,その他,その他,キーなし,なし,乗用自動車
窃盗,自動車盗,匝瑳,豊栄駐在所,122351,千葉県,匝瑳市,飯倉,2022/11/10,21,駐車（輪）場,駐車（輪）場,キーなし,あり,乗用自動車
窃盗,自動車盗,匝瑳,野手駐在所,122351,千葉県,匝瑳市,野手,2022/3/15,9,駐車（輪）場,駐車（輪）場,キーあり,なし,貨物自動車
窃盗,自動車盗,匝瑳,須賀駐在所,122351,千葉県,匝瑳市,蕪里,2022/11/22,2,一戸建住宅,駐車（輪）場,キーあり,あり,なし
窃盗,自動車盗,山武,千代田駐在所,124095,千葉県,芝山町,香山新田,2022/10/13,6,駐車（輪）場,駐車（輪）場,キーなし,なし,貨物自動車
窃盗,自動車盗,山武,埴谷駐在所,122378,千葉県,山武市,埴谷,2022/10/9,12,その他,その他,キーなし,なし,特殊自動車
窃盗,自動車盗,山武,大平駐在所,122378,千葉県,山武市,松尾町折戸,2022/12/3,18,その他,その他,キーあり,なし,乗用自動車
窃盗,自動車盗,山武,大平駐在所,122378,千葉県,山武市,松尾町木刀,2022/10/29,20,一戸建住宅,駐車（輪）場,キーなし,あり,乗用自動車
窃盗,自動車盗,山武,日吉駐在所,124109,千葉県,横芝光町,二又,2022/5/19,1,その他,その他,キーなし,なし,貨物自動車
窃盗,自動車盗,山武,日向駐在所,122378,千葉県,山武市,武勝,2022/6/26,20,その他,その他,キーなし,なし,貨物自動車
窃盗,自動車盗,山武,松尾駐在所,122378,千葉県,山武市,松尾町祝田,2022/1/17,7,駐車（輪）場,駐車（輪）場,キーあり,なし,乗用自動車
窃盗,自動車盗,山武,横芝交番,124109,千葉県,横芝光町,横芝,2022/2/3,18,その他,駐車（輪）場,キーあり,なし,貨物自動車
窃盗,自動車盗,山武,白幡駐在所,122378,千葉県,山武市,白幡,2022/9/14,17,その他,駐車（輪）場,キーなし,あり,なし
窃盗,自動車盗,山武,白浜駐在所,124109,千葉県,横芝光町,木戸,不明,不明,その他,駐車（輪）場,キーあり,なし,乗用自動車
窃盗,自動車盗,山武,芝山交番,124095,千葉県,芝山町,牧野,2022/6/17,17,その他,その他,キーあり,なし,特殊自動車
窃盗,自動車盗,山武,蓮沼村駐在所,122378,千葉県,山武市,蓮沼ホ,2022/9/4,14,一戸建住宅,駐車（輪）場,キーあり,なし,乗用自動車
窃盗,自動車盗,山武,豊岡駐在所,122378,千葉県,山武市,松尾町山室,2022/10/5,23,一戸建住宅,その他,キーなし,なし,貨物自動車
窃盗,自動車盗,東金,丘山駐在所,122131,千葉県,東金市,山田,2022/10/2,20,その他,駐車（輪）場,キーあり,なし,乗用自動車
窃盗,自動車盗,東金,丘山駐在所,122131,千葉県,東金市,油井,2022/11/8,9,その他,駐車（輪）場,キーあり,なし,乗用自動車
窃盗,自動車盗,東金,丘山駐在所,122131,千葉県,東金市,,2022/4/30,14,その他,その他,キーなし,なし,貨物自動車
窃盗,自動車盗,東金,九十九里交番,124036,千葉県,九十九里町,粟生,2022/10/25,20,道路上,その他,キーなし,なし,なし
窃盗,自動車盗,東金,九十九里交番,124036,千葉県,九十九里町,片貝,2022/11/4,17,その他,駐車（輪）場,キーなし,なし,貨物自動車
窃盗,自動車盗,東金,増穂交番,122394,千葉県,大網白里市,南横川,2022/1/8,18,一戸建住宅,その他,キーあり,なし,貨物自動車
窃盗,自動車盗,東金,大網駅前交番,122394,千葉県,大網白里市,大網,2022/1/7,21,一戸建住宅,駐車（輪）場,キーなし,あり,乗用自動車
窃盗,自動車盗,東金,大網駅前交番,122394,千葉県,大網白里市,大網,2022/10/4,18,その他,その他,キーなし,なし,なし
窃盗,自動車盗,東金,広瀬駐在所,122131,千葉県,東金市,広瀬,2022/5/8,22,その他,駐車（輪）場,キーなし,なし,貨物自動車
窃盗,自動車盗,東金,東金駅前交番,122131,千葉県,東金市,川場,2022/10/31,17,その他,駐車（輪）場,キーあり,なし,貨物自動車
窃盗,自動車盗,東金,東金駅前交番,122131,千葉県,東金市,北之幸谷,2022/6/26,7,一戸建住宅,駐車（輪）場,キーあり,なし,貨物自動車
窃盗,自動車盗,東金,東金駅前交番,122131,千葉県,東金市,田中,2022/12/24,17,一戸建住宅,駐車（輪）場,キーなし,なし,貨物自動車
窃盗,自動車盗,東金,東金駅前交番,122131,千葉県,東金市,田間,2022/7/22,19,その他,駐車（輪）場,キーあり,なし,乗用自動車
窃盗,自動車盗,東金,東金駅前交番,122131,千葉県,東金市,田間２丁目,2022/12/23,12,一戸建住宅,駐車（輪）場,キーなし,なし,乗用自動車
窃盗,自動車盗,東金,東金駅前交番,122131,千葉県,東金市,台方,2022/12/14,18,駐車（輪）場,駐車（輪）場,キーなし,なし,乗用自動車
窃盗,自動車盗,東金,東金駅前交番,122131,千葉県,東金市,堀上,2022/6/26,8,その他,駐車（輪）場,キーあり,なし,貨物自動車
窃盗,自動車盗,東金,東金駅前交番,122131,千葉県,東金市,南上宿,2022/9/12,19,一戸建住宅,駐車（輪）場,キーなし,あり,乗用自動車
窃盗,自動車盗,東金,東金駅前交番,122131,千葉県,東金市,南上宿,2022/9/22,15,駐車（輪）場,駐車（輪）場,キーなし,なし,特殊自動車
窃盗,自動車盗,東金,東金駅前交番,122131,千葉県,東金市,南上宿,2022/10/21,17,その他の住宅（３階建て以下共同住宅等）,駐車（輪）場,キーなし,なし,乗用自動車
窃盗,自動車盗,東金,砂古瀬駐在所,122131,千葉県,東金市,依古島,2022/10/31,17,一戸建住宅,駐車（輪）場,キーなし,なし,貨物自動車
窃盗,自動車盗,東金,道庭駐在所,122131,千葉県,東金市,松之郷,2022/10/29,17,その他,その他,キーなし,なし,貨物自動車
窃盗,自動車盗,東金,金谷郷駐在所,122394,千葉県,大網白里市,季美の森南３丁目,2022/4/3,16,一戸建住宅,駐車（輪）場,キーあり,あり,乗用自動車
窃盗,自動車盗,東金,関内駐在所,122131,千葉県,東金市,下武射田,2022/7/25,0,その他の住宅（３階建て以下共同住宅等）,駐車（輪）場,キーなし,あり,乗用自動車
窃盗,自動車盗,茂原,一宮幹部交番,124214,千葉県,一宮町,一宮,2022/12/8,20,その他,駐車（輪）場,キーなし,なし,貨物自動車
窃盗,自動車盗,茂原,上市場駐在所,124222,千葉県,睦沢町,上市場,2022/5/13,10,その他,その他,キーなし,なし,特殊自動車
窃盗,自動車盗,茂原,上市場駐在所,124222,千葉県,睦沢町,下之郷,2022/4/7,16,その他,その他,キーなし,なし,貨物自動車
窃盗,自動車盗,茂原,新茂原交番,122106,千葉県,茂原市,小林,2022/9/17,17,その他,駐車（輪）場,キーなし,なし,貨物自動車
窃盗,自動車盗,茂原,新茂原交番,122106,千葉県,茂原市,小林,2022/11/22,18,その他,駐車（輪）場,キーなし,なし,乗用自動車
窃盗,自動車盗,茂原,新茂原交番,122106,千葉県,茂原市,道表,2022/9/30,22,その他,駐車（輪）場,キーなし,なし,貨物自動車
窃盗,自動車盗,茂原,新茂原交番,122106,千葉県,茂原市,長尾,2022/10/27,13,その他,駐車（輪）場,キーなし,なし,貨物自動車
窃盗,自動車盗,茂原,新茂原交番,122106,千葉県,茂原市,長谷,2022/2/5,0,一戸建住宅,その他,キーあり,なし,貨物自動車
窃盗,自動車盗,茂原,日吉駐在所,124265,千葉県,長柄町,大津倉,2022/2/5,19,一戸建住宅,その他,キーあり,なし,乗用自動車
窃盗,自動車盗,茂原,日吉駐在所,124265,千葉県,長柄町,刑部,2022/8/16,16,その他,駐車（輪）場,キーなし,なし,なし
窃盗,自動車盗,茂原,日吉駐在所,124265,千葉県,長柄町,刑部,2022/8/16,16,その他,駐車（輪）場,キーなし,なし,貨物自動車
窃盗,自動車盗,茂原,本納駐在所,122106,千葉県,茂原市,高田,2022/10/8,19,その他,駐車（輪）場,キーなし,なし,貨物自動車
窃盗,自動車盗,茂原,東浪見駐在所,124214,千葉県,一宮町,東浪見,2022/9/7,16,その他の住宅（３階建て以下共同住宅等）,駐車（輪）場,キーあり,あり,乗用自動車
窃盗,自動車盗,茂原,東郷駐在所,122106,千葉県,茂原市,七渡,2022/9/11,17,その他,駐車（輪）場,キーなし,なし,なし
窃盗,自動車盗,茂原,東駐在所,124273,千葉県,長南町,給田,2022/5/26,16,その他,駐車（輪）場,キーあり,なし,貨物自動車
窃盗,自動車盗,茂原,東駐在所,124273,千葉県,長南町,給田,不明,不明,その他,その他,キーなし,なし,なし
窃盗,自動車盗,茂原,白子駐在所,124249,千葉県,白子町,古所,2022/5/15,19,その他,駐車（輪）場,キーあり,なし,貨物自動車
窃盗,自動車盗,茂原,白子駐在所,124249,千葉県,白子町,古所,2022/6/24,16,その他,その他,キーなし,なし,特殊自動車
窃盗,自動車盗,茂原,茂原駅前交番,122106,千葉県,茂原市,大芝,2022/12/23,19,その他,駐車（輪）場,キーなし,なし,貨物自動車
窃盗,自動車盗,茂原,茂原駅前交番,122106,千葉県,茂原市,下永吉,2022/7/27,21,その他の住宅（３階建て以下共同住宅等）,駐車（輪）場,キーあり,なし,乗用自動車
窃盗,自動車盗,茂原,豊岡駐在所,122106,千葉県,茂原市,南吉田,2022/9/15,15,その他,駐車（輪）場,キーなし,なし,なし
窃盗,自動車盗,茂原,豊岡駐在所,122106,千葉県,茂原市,弓渡,2022/1/12,18,一戸建住宅,駐車（輪）場,キーあり,なし,乗用自動車
窃盗,自動車盗,茂原,長柄駐在所,124265,千葉県,長柄町,皿木,2022/6/27,17,その他,駐車（輪）場,キーなし,なし,なし
窃盗,自動車盗,茂原,長柄駐在所,124265,千葉県,長柄町,長柄山,2022/3/26,17,その他,その他,キーなし,なし,なし
窃盗,自動車盗,茂原,長柄駐在所,124265,千葉県,長柄町,山之郷,2022/8/15,17,その他,駐車（輪）場,キーなし,なし,貨物自動車
窃盗,自動車盗,茂原,関駐在所,124249,千葉県,白子町,北高根,2022/10/6,18,その他,その他,キーなし,あり,なし
窃盗,自動車盗,茂原,鶴枝駐在所,122106,千葉県,茂原市,猿袋,2022/2/5,17,その他,駐車（輪）場,キーなし,なし,貨物自動車
窃盗,自動車盗,いすみ,布施駐在所,122386,千葉県,いすみ市,上布施,2022/6/1,18,その他,駐車（輪）場,キーなし,なし,乗用自動車
窃盗,自動車盗,いすみ,布施駐在所,122386,千葉県,いすみ市,上布施,2022/8/29,18,その他,駐車（輪）場,キーなし,なし,貨物自動車
窃盗,自動車盗,いすみ,東海駐在所,122386,千葉県,いすみ市,新田,2022/11/24,15,その他,駐車（輪）場,キーあり,なし,貨物自動車
窃盗,自動車盗,いすみ,東海駐在所,122386,千葉県,いすみ市,日在,2022/3/21,17,駐車（輪）場,駐車（輪）場,キーなし,なし,貨物自動車
窃盗,自動車盗,いすみ,長者駐在所,122386,千葉県,いすみ市,岬町三門,2022/5/17,17,その他,駐車（輪）場,キーなし,なし,貨物自動車
窃盗,自動車盗,いすみ,長者駐在所,122386,千葉県,いすみ市,岬町三門,2022/11/2,0,その他,駐車（輪）場,キーなし,なし,貨物自動車
窃盗,自動車盗,勝浦,植野駐在所,122181,千葉県,勝浦市,植野,2022/11/11,17,その他,駐車（輪）場,キーなし,なし,貨物自動車
窃盗,自動車盗,勝浦,興津駐在所,122181,千葉県,勝浦市,興津久保山台,2022/9/6,21,一戸建住宅,駐車（輪）場,キーなし,あり,乗用自動車
窃盗,自動車盗,市原,ちはら台駅前交番,122190,千葉県,市原市,ちはら台西１丁目,2022/9/17,19,駐車（輪）場,駐車（輪）場,キーあり,なし,乗用自動車
窃盗,自動車盗,市原,五井西交番,122190,千葉県,市原市,青柳,不明,不明,その他,駐車（輪）場,キーなし,なし,乗用自動車
窃盗,自動車盗,市原,五井西交番,122190,千葉県,市原市,飯沼,2022/4/7,23,一戸建住宅,その他,キーなし,あり,乗用自動車
窃盗,自動車盗,市原,五井西交番,122190,千葉県,市原市,岩崎西１丁目,2022/2/4,14,その他,その他,キーなし,なし,貨物自動車
窃盗,自動車盗,市原,五井西交番,122190,千葉県,市原市,玉前西１丁目,2022/7/26,19,その他,その他,キーなし,なし,乗用自動車
窃盗,自動車盗,市原,五井駅前交番,122190,千葉県,市原市,五井,2021/12/27,11,その他,駐車（輪）場,キーなし,なし,貨物自動車
窃盗,自動車盗,市原,五井駅前交番,122190,千葉県,市原市,五井,2022/3/1,19,道路上,その他,キーなし,なし,乗用自動車
窃盗,自動車盗,市原,五井駅前交番,122190,千葉県,市原市,五井,2022/3/1,23,駐車（輪）場,駐車（輪）場,キーなし,あり,なし
窃盗,自動車盗,市原,五井駅前交番,122190,千葉県,市原市,五井,2022/3/9,4,一戸建住宅,駐車（輪）場,キーなし,なし,乗用自動車
窃盗,自動車盗,市原,五井駅前交番,122190,千葉県,市原市,五井,2022/8/10,15,駐車（輪）場,駐車（輪）場,キーなし,なし,貨物自動車
窃盗,自動車盗,市原,五井駅前交番,122190,千葉県,市原市,五井中央東２丁目,2022/4/14,19,その他の住宅（３階建て以下共同住宅等）,駐車（輪）場,キーなし,あり,乗用自動車
窃盗,自動車盗,市原,五井駅前交番,122190,千葉県,市原市,五井中央西１丁目,2022/4/29,21,その他の住宅（３階建て以下共同住宅等）,駐車（輪）場,キーなし,なし,乗用自動車
窃盗,自動車盗,市原,五井駅前交番,122190,千葉県,市原市,五井中央西２丁目,2022/2/8,18,駐車（輪）場,駐車（輪）場,キーなし,なし,乗用自動車
窃盗,自動車盗,市原,五井駅前交番,122190,千葉県,市原市,五井中央西２丁目,2022/9/1,19,駐車（輪）場,駐車（輪）場,キーあり,あり,乗用自動車
窃盗,自動車盗,市原,五井駅前交番,122190,千葉県,市原市,五井西４丁目,2022/7/28,21,一戸建住宅,駐車（輪）場,キーなし,なし,なし
窃盗,自動車盗,市原,五井駅前交番,122190,千葉県,市原市,五井中央南１丁目,2022/4/2,19,一戸建住宅,駐車（輪）場,キーなし,あり,乗用自動車
窃盗,自動車盗,市原,光風台交番,122190,千葉県,市原市,南岩崎,2022/2/28,17,その他,その他,キーなし,なし,貨物自動車
窃盗,自動車盗,市原,八幡宿駅前交番,122190,千葉県,市原市,旭五所,2022/3/25,20,一戸建住宅,駐車（輪）場,キーなし,なし,乗用自動車
窃盗,自動車盗,市原,八幡宿駅前交番,122190,千葉県,市原市,五所,2022/3/25,19,駐車（輪）場,駐車（輪）場,キーあり,あり,乗用自動車
窃盗,自動車盗,市原,八幡宿駅前交番,122190,千葉県,市原市,西五所,2022/3/22,19,その他の住宅（３階建て以下共同住宅等）,駐車（輪）場,キーあり,なし,貨物自動車
窃盗,自動車盗,市原,八幡宿駅前交番,122190,千葉県,市原市,東五所,2022/5/20,1,その他の住宅（３階建て以下共同住宅等）,駐車（輪）場,キーなし,あり,乗用自動車
窃盗,自動車盗,市原,八幡宿駅前交番,122190,千葉県,市原市,八幡,2022/3/5,22,駐車（輪）場,駐車（輪）場,キーなし,なし,乗用自動車
窃盗,自動車盗,市原,南総幹部交番,122190,千葉県,市原市,馬立,2022/3/28,18,駐車（輪）場,駐車（輪）場,キーなし,なし,乗用自動車
窃盗,自動車盗,市原,国分寺台交番,122190,千葉県,市原市,西広５丁目,2022/9/6,23,一戸建住宅,その他,キーなし,なし,乗用自動車
窃盗,自動車盗,市原,国分寺台交番,122190,千葉県,市原市,根田３丁目,2022/5/16,19,一戸建住宅,駐車（輪）場,キーなし,あり,なし
窃盗,自動車盗,市原,国分寺台交番,122190,千葉県,市原市,根田３丁目,2022/5/16,19,一戸建住宅,駐車（輪）場,キーなし,あり,乗用自動車
窃盗,自動車盗,市原,姉崎交番,122190,千葉県,市原市,姉崎,2022/9/22,0,その他,その他,キーなし,なし,乗用自動車
窃盗,自動車盗,市原,姉崎交番,122190,千葉県,市原市,姉崎西３丁目,2022/3/9,7,一戸建住宅,駐車（輪）場,キーなし,なし,乗用自動車
窃盗,自動車盗,市原,姉崎交番,122190,千葉県,市原市,姉崎東３丁目,2022/5/2,13,その他,駐車（輪）場,キーなし,なし,なし
窃盗,自動車盗,市原,有秋交番,122190,千葉県,市原市,,2022/4/7,14,一戸建住宅,その他,キーなし,なし,乗用自動車
窃盗,自動車盗,市原,有秋交番,122190,千葉県,市原市,豊成,2022/9/2,10,その他,その他,キーなし,なし,貨物自動車
窃盗,自動車盗,市原,潤井戸駐在所,122190,千葉県,市原市,犬成,2021/12/4,16,その他,駐車（輪）場,キーあり,なし,乗用自動車
窃盗,自動車盗,市原,潤井戸駐在所,122190,千葉県,市原市,潤井戸,2022/12/2,10,その他,その他,キーあり,なし,貨物自動車
窃盗,自動車盗,市原,白金交番,122190,千葉県,市原市,君塚１丁目,2022/5/26,15,その他,駐車（輪）場,キーなし,なし,乗用自動車
窃盗,自動車盗,市原,白金交番,122190,千葉県,市原市,君塚２丁目,2022/2/8,18,その他,駐車（輪）場,キーなし,なし,貨物自動車
窃盗,自動車盗,市原,白金交番,122190,千葉県,市原市,君塚３丁目,2020/11/29,13,駐車（輪）場,駐車（輪）場,キーなし,なし,乗用自動車
窃盗,自動車盗,市原,藤井交番,122190,千葉県,市原市,郡本１丁目,2022/3/14,19,一戸建住宅,駐車（輪）場,キーなし,なし,乗用自動車
窃盗,自動車盗,市原,藤井交番,122190,千葉県,市原市,西広,2022/8/22,17,駐車（輪）場,駐車（輪）場,キーあり,なし,貨物自動車
窃盗,自動車盗,市原,藤井交番,122190,千葉県,市原市,能満,2022/4/17,19,一戸建住宅,その他,キーなし,あり,乗用自動車
窃盗,自動車盗,市原,藤井交番,122190,千葉県,市原市,能満,2022/8/13,17,一戸建住宅,その他,キーなし,なし,貨物自動車
窃盗,自動車盗,市原,藤井交番,122190,千葉県,市原市,山木,2022/10/23,12,その他,その他,キーなし,なし,貨物自動車
窃盗,自動車盗,市原,辰巳台交番,122190,千葉県,市原市,小田部,2022/3/18,17,一戸建住宅,駐車（輪）場,キーなし,あり,乗用自動車
窃盗,自動車盗,市原,辰巳台交番,122190,千葉県,市原市,辰巳台東４丁目,2022/3/22,14,その他の住宅（３階建て以下共同住宅等）,駐車（輪）場,キーなし,なし,貨物自動車
窃盗,自動車盗,市原,青柳駐在所,122190,千葉県,市原市,青柳２丁目,2022/1/12,3,一戸建住宅,駐車（輪）場,キーなし,なし,乗用自動車
窃盗,自動車盗,市原,青柳駐在所,122190,千葉県,市原市,青柳北４丁目,2022/12/10,16,その他,その他,キーなし,なし,貨物自動車
窃盗,自動車盗,市原,養老駐在所,122190,千葉県,市原市,松崎,不明,不明,その他,その他,キーなし,なし,貨物自動車
窃盗,自動車盗,木更津,中川駐在所,122297,千葉県,袖ケ浦市,上宮田,2022/5/12,1,その他,その他,キーなし,なし,貨物自動車
窃盗,自動車盗,木更津,中川駐在所,122297,千葉県,袖ケ浦市,上宮田,2022/10/13,16,その他,駐車（輪）場,キーなし,なし,貨物自動車
窃盗,自動車盗,木更津,中郷駐在所,122068,千葉県,木更津市,十日市場,2022/10/27,14,その他,駐車（輪）場,キーなし,なし,貨物自動車
窃盗,自動車盗,木更津,小浜交番,122068,千葉県,木更津市,畑沢,2022/3/1,15,その他,駐車（輪）場,キーあり,なし,乗用自動車
窃盗,自動車盗,木更津,小浜交番,122068,千葉県,木更津市,畑沢,2022/9/22,2,その他,その他,キーなし,あり,乗用自動車
窃盗,自動車盗,木更津,小浜交番,122068,千葉県,木更津市,矢那,2022/7/8,16,その他,駐車（輪）場,キーあり,なし,乗用自動車
窃盗,自動車盗,木更津,岩根駅前交番,122068,千葉県,木更津市,高柳１丁目,2022/11/3,0,一戸建住宅,駐車（輪）場,キーなし,あり,乗用自動車
窃盗,自動車盗,木更津,平岡駐在所,122297,千葉県,袖ケ浦市,上泉,2022/7/21,17,その他,その他,キーあり,なし,乗用自動車
窃盗,自動車盗,木更津,平岡駐在所,122297,千葉県,袖ケ浦市,川原井,2022/9/16,17,その他,その他,キーなし,あり,貨物自動車
窃盗,自動車盗,木更津,平岡駐在所,122297,千葉県,袖ケ浦市,下泉,2022/9/19,20,その他,その他,キーあり,なし,貨物自動車
窃盗,自動車盗,木更津,平岡駐在所,122297,千葉県,袖ケ浦市,下泉,2022/9/21,16,その他,その他,キーなし,なし,貨物自動車
窃盗,自動車盗,木更津,木更津駅前交番,122068,千葉県,木更津市,木材港,2022/2/22,17,その他,駐車（輪）場,キーあり,あり,乗用自動車
窃盗,自動車盗,木更津,根形駐在所,122297,千葉県,袖ケ浦市,野田,不明,不明,その他,その他,キーあり,なし,乗用自動車
窃盗,自動車盗,木更津,江川駐在所,122068,千葉県,木更津市,江川,2022/2/26,17,駐車（輪）場,駐車（輪）場,キーなし,なし,貨物自動車
窃盗,自動車盗,木更津,江川駐在所,122068,千葉県,木更津市,久津間,2022/1/26,18,その他,その他,キーなし,なし,貨物自動車
窃盗,自動車盗,木更津,波岡駐在所,122068,千葉県,木更津市,草敷,2022/1/26,0,その他,その他,キーあり,なし,乗用自動車
窃盗,自動車盗,木更津,袖ヶ浦駅前交番,122297,千葉県,袖ケ浦市,神納,2022/4/18,22,駐車（輪）場,駐車（輪）場,キーなし,なし,貨物自動車
窃盗,自動車盗,木更津,袖ヶ浦駅前交番,122297,千葉県,袖ケ浦市,神納１丁目,2022/6/1,22,その他の住宅（３階建て以下共同住宅等）,駐車（輪）場,キーなし,なし,乗用自動車
窃盗,自動車盗,木更津,袖ヶ浦駅前交番,122297,千葉県,袖ケ浦市,百目木,2022/8/23,18,道路上,その他,キーなし,なし,乗用自動車
窃盗,自動車盗,木更津,袖ヶ浦駅前交番,122297,千葉県,袖ケ浦市,袖ケ浦駅前２丁目,2022/4/14,8,その他の住宅（３階建て以下共同住宅等）,駐車（輪）場,キーなし,あり,乗用自動車
窃盗,自動車盗,木更津,長須賀交番,122068,千葉県,木更津市,太田２丁目,2022/1/19,15,駐車（輪）場,駐車（輪）場,キーなし,なし,乗用自動車
窃盗,自動車盗,木更津,長須賀交番,122068,千葉県,木更津市,太田４丁目,2022/1/20,19,駐車（輪）場,駐車（輪）場,キーなし,あり,なし
窃盗,自動車盗,君津,中駐在所,122254,千葉県,君津市,練木,2022/8/7,17,その他,駐車（輪）場,キーなし,なし,貨物自動車
窃盗,自動車盗,君津,周南駐在所,122254,千葉県,君津市,浜子,2022/5/6,20,その他,その他,キーなし,あり,貨物自動車
窃盗,自動車盗,君津,周南駐在所,122254,千葉県,君津市,六手,2022/2/26,6,その他,その他,キーなし,なし,貨物自動車
窃盗,自動車盗,君津,大和田交番,122254,千葉県,君津市,大和田,2022/3/7,21,一戸建住宅,駐車（輪）場,キーなし,あり,なし
窃盗,自動車盗,君津,大和田交番,122254,千葉県,君津市,大和田,2022/3/8,17,その他,駐車（輪）場,キーあり,なし,なし
窃盗,自動車盗,富津,環駐在所,122262,千葉県,富津市,湊,2022/5/11,10,その他,駐車（輪）場,キーなし,なし,乗用自動車
窃盗,自動車盗,千葉西,小中台交番,121037,千葉県,千葉市稲毛区,小中台町,2022/8/13,15,駐車（輪）場,駐車（輪）場,キーなし,なし,乗用自動車
窃盗,自動車盗,千葉西,小中台交番,121037,千葉県,千葉市稲毛区,小中台町,2022/9/8,18,その他の住宅（３階建て以下共同住宅等）,駐車（輪）場,キーなし,あり,乗用自動車
窃盗,自動車盗,千葉西,幕張メッセ交番,121061,千葉県,千葉市美浜区,打瀬２丁目,2022/10/11,17,４階建て以上共同住宅,駐車（輪）場,キーなし,あり,乗用自動車
窃盗,自動車盗,千葉西,幕張メッセ交番,121061,千葉県,千葉市美浜区,ひび野２丁目,2022/5/5,22,その他,駐車（輪）場,キーなし,あり,乗用自動車
窃盗,自動車盗,千葉西,幕張メッセ交番,121061,千葉県,千葉市美浜区,若葉３丁目,2022/1/13,21,４階建て以上共同住宅,駐車（輪）場,キーなし,あり,乗用自動車
窃盗,自動車盗,千葉西,幕張交番,121029,千葉県,千葉市花見川区,検見川町３丁目,2022/3/14,20,一戸建住宅,その他,キーなし,あり,なし
窃盗,自動車盗,千葉西,幕張交番,121029,千葉県,千葉市花見川区,幕張町１丁目,2022/6/21,17,４階建て以上共同住宅,駐車（輪）場,キーなし,なし,乗用自動車
窃盗,自動車盗,千葉西,幕張交番,121029,千葉県,千葉市花見川区,幕張町４丁目,2022/5/23,不明,駐車（輪）場,駐車（輪）場,キーあり,なし,乗用自動車
窃盗,自動車盗,千葉西,幕張本郷駅前交番,121029,千葉県,千葉市花見川区,幕張本郷６丁目,2022/1/4,21,駐車（輪）場,駐車（輪）場,キーなし,なし,乗用自動車
窃盗,自動車盗,千葉西,幕張駅前交番,121029,千葉県,千葉市花見川区,幕張町４丁目,2022/5/17,0,道路上,その他,キーあり,なし,乗用自動車
窃盗,自動車盗,千葉西,幸町交番,121061,千葉県,千葉市美浜区,幸町２丁目,2022/9/30,15,４階建て以上共同住宅,駐車（輪）場,キーあり,なし,乗用自動車
窃盗,自動車盗,千葉西,幸町交番,121061,千葉県,千葉市美浜区,新港,2022/5/22,0,その他,駐車（輪）場,キーあり,なし,乗用自動車
窃盗,自動車盗,千葉西,幸町交番,121061,千葉県,千葉市美浜区,新港,2022/9/25,16,駐車（輪）場,駐車（輪）場,キーあり,なし,貨物自動車
窃盗,自動車盗,千葉西,稲毛海岸駅前交番,121061,千葉県,千葉市美浜区,高浜１丁目,2022/1/5,16,４階建て以上共同住宅,駐車（輪）場,キーなし,あり,乗用自動車
窃盗,自動車盗,千葉西,稲毛駅前交番,121037,千葉県,千葉市稲毛区,稲毛東３丁目,2022/9/15,19,駐車（輪）場,駐車（輪）場,キーなし,あり,乗用自動車
窃盗,自動車盗,八千代,八千代中央駅前交番,122211,千葉県,八千代市,大和田新田,2022/2/9,2,一戸建住宅,駐車（輪）場,キーなし,あり,乗用自動車
窃盗,自動車盗,八千代,八千代台東交番,122211,千葉県,八千代市,八千代台南２丁目,2022/4/8,21,一戸建住宅,駐車（輪）場,キーなし,あり,乗用自動車
窃盗,自動車盗,八千代,八千代台駅前交番,122211,千葉県,八千代市,八千代台北１丁目,2022/9/8,19,駐車（輪）場,駐車（輪）場,キーなし,なし,乗用自動車
窃盗,自動車盗,八千代,八千代台駅前交番,122211,千葉県,八千代市,八千代台北１０丁目,2022/4/30,20,一戸建住宅,駐車（輪）場,キーなし,あり,乗用自動車
窃盗,自動車盗,八千代,八千代台駅前交番,122211,千葉県,八千代市,八千代台北１７丁目,2022/4/12,0,一戸建住宅,駐車（輪）場,キーなし,あり,乗用自動車
窃盗,自動車盗,八千代,八千代台駅前交番,122211,千葉県,八千代市,八千代台西７丁目,2022/1/11,19,道路上,その他,キーなし,なし,なし
窃盗,自動車盗,八千代,八千代緑が丘駅前交番,122211,千葉県,八千代市,吉橋,2022/5/27,1,その他,駐車（輪）場,キーなし,なし,貨物自動車
窃盗,自動車盗,八千代,八千代緑が丘駅前交番,122211,千葉県,八千代市,緑が丘西１丁目,2022/3/28,22,一戸建住宅,駐車（輪）場,キーなし,あり,乗用自動車
窃盗,自動車盗,八千代,勝田台交番,122211,千葉県,八千代市,勝田台２丁目,2022/4/20,6,道路上,その他,キーあり,なし,乗用自動車
窃盗,自動車盗,八千代,勝田台交番,122211,千葉県,八千代市,勝田台南１丁目,2022/5/12,23,その他の住宅（３階建て以下共同住宅等）,駐車（輪）場,キーなし,あり,乗用自動車
窃盗,自動車盗,八千代,村上駅前交番,122211,千葉県,八千代市,村上南３丁目,2022/9/27,22,その他の住宅（３階建て以下共同住宅等）,駐車（輪）場,キーなし,なし,乗用自動車
窃盗,自動車盗,八千代,村上駅前交番,122211,千葉県,八千代市,村上南４丁目,2022/1/23,18,一戸建住宅,駐車（輪）場,キーなし,あり,乗用自動車
窃盗,自動車盗,八千代,村上駅前交番,122211,千葉県,八千代市,村上南４丁目,2022/3/13,13,その他の住宅（３階建て以下共同住宅等）,駐車（輪）場,キーなし,あり,乗用自動車
窃盗,自動車盗,八千代,睦駐在所,122211,千葉県,八千代市,大学町５丁目,2022/7/27,22,一戸建住宅,駐車（輪）場,キーなし,あり,乗用自動車
窃盗,自動車盗,船橋東,三山交番,122041,千葉県,船橋市,習志野５丁目,2022/7/30,22,その他,駐車（輪）場,キーなし,なし,乗用自動車
窃盗,自動車盗,船橋東,二和交番,122041,千葉県,船橋市,高野台２丁目,2022/1/16,13,駐車（輪）場,駐車（輪）場,キーなし,なし,乗用自動車
窃盗,自動車盗,船橋東,二和交番,122041,千葉県,船橋市,二和西４丁目,2022/8/2,21,一戸建住宅,駐車（輪）場,キーなし,なし,乗用自動車
窃盗,自動車盗,船橋東,大穴交番,122041,千葉県,船橋市,三咲２丁目,2022/6/15,0,一戸建住宅,駐車（輪）場,キーなし,あり,乗用自動車
窃盗,自動車盗,船橋東,大穴交番,122041,千葉県,船橋市,大穴南５丁目,2022/4/30,14,駐車（輪）場,駐車（輪）場,キーなし,なし,乗用自動車
窃盗,自動車盗,船橋東,小室駅前交番,122041,千葉県,船橋市,豊富町,2022/6/23,22,その他,その他,キーなし,なし,貨物自動車
窃盗,自動車盗,船橋東,習志野台交番,122041,千葉県,船橋市,習志野台４丁目,2022/2/7,20,駐車（輪）場,駐車（輪）場,キーなし,なし,乗用自動車
窃盗,自動車盗,船橋東,習志野台交番,122041,千葉県,船橋市,習志野台４丁目,2022/7/16,19,駐車（輪）場,駐車（輪）場,キーあり,なし,なし
窃盗,自動車盗,船橋東,習志野台交番,122041,千葉県,船橋市,松が丘２丁目,2022/5/8,20,その他の住宅（３階建て以下共同住宅等）,駐車（輪）場,キーなし,なし,貨物自動車
窃盗,自動車盗,船橋東,習志野台交番,122041,千葉県,船橋市,坪井東２丁目,2022/4/5,0,一戸建住宅,駐車（輪）場,キーなし,あり,乗用自動車
窃盗,自動車盗,我孫子,つくし野交番,122220,千葉県,我孫子市,根戸,2022/9/11,18,その他の住宅（３階建て以下共同住宅等）,駐車（輪）場,キーなし,なし,乗用自動車
窃盗,自動車盗,我孫子,天王台交番,122220,千葉県,我孫子市,岡発戸,2022/8/29,16,その他,その他,キーなし,なし,特殊自動車
窃盗,自動車盗,我孫子,天王台交番,122220,千葉県,我孫子市,天王台３丁目,2021/10/2,16,その他の住宅（３階建て以下共同住宅等）,駐車（輪）場,キーなし,なし,乗用自動車
窃盗,自動車盗,我孫子,天王台交番,122220,千葉県,我孫子市,日の出,2022/4/19,19,駐車（輪）場,駐車（輪）場,キーなし,なし,特殊自動車
窃盗,自動車盗,我孫子,布佐駅前交番,122220,千葉県,我孫子市,布佐,2022/7/9,17,駐車（輪）場,駐車（輪）場,キーなし,あり,乗用自動車
窃盗,自動車盗,我孫子,我孫子駅前交番,122220,千葉県,我孫子市,我孫子３丁目,2022/3/2,17,駐車（輪）場,駐車（輪）場,キーあり,あり,乗用自動車
窃盗,自動車盗,我孫子,我孫子駅前交番,122220,千葉県,我孫子市,本町１丁目,2022/12/9,16,駐車（輪）場,駐車（輪）場,キーなし,なし,乗用自動車
窃盗,自動車盗,我孫子,我孫子駅前交番,122220,千葉県,我孫子市,若松,2022/8/11,23,駐車（輪）場,駐車（輪）場,キーなし,あり,なし
窃盗,自動車盗,我孫子,新木駅前交番,122220,千葉県,我孫子市,古戸,2022/12/9,4,その他,駐車（輪）場,キーなし,なし,なし
窃盗,自動車盗,我孫子,新木駅前交番,122220,千葉県,我孫子市,南新木３丁目,2022/4/23,14,一戸建住宅,駐車（輪）場,キーなし,なし,乗用自動車
窃盗,自動車盗,我孫子,東我孫子駐在所,122220,千葉県,我孫子市,高野山,2022/3/25,18,一戸建住宅,駐車（輪）場,キーなし,なし,乗用自動車
窃盗,自動車盗,我孫子,東我孫子駐在所,122220,千葉県,我孫子市,高野山,2022/3/31,17,一戸建住宅,駐車（輪）場,キーなし,あり,乗用自動車
窃盗,自動車盗,我孫子,東我孫子駐在所,122220,千葉県,我孫子市,天王台６丁目,2022/2/24,17,駐車（輪）場,駐車（輪）場,キーなし,あり,なし
窃盗,自動車盗,我孫子,東我孫子駐在所,122220,千葉県,我孫子市,東我孫子１丁目,2022/3/3,2,一戸建住宅,駐車（輪）場,キーなし,なし,なし
窃盗,自動車盗,我孫子,湖北台交番,122220,千葉県,我孫子市,湖北台４丁目,2022/2/2,19,その他の住宅（３階建て以下共同住宅等）,駐車（輪）場,キーあり,あり,乗用自動車
窃盗,自動車盗,我孫子,湖北台交番,122220,千葉県,我孫子市,湖北台９丁目,2022/3/31,16,その他,駐車（輪）場,キーなし,なし,貨物自動車
窃盗,自動車盗,我孫子,湖北台交番,122220,千葉県,我孫子市,中里,2022/3/11,18,一戸建住宅,その他,キーなし,なし,貨物自動車
窃盗,自動車盗,我孫子,湖北台交番,122220,千葉県,我孫子市,中峠,2022/11/17,7,その他,その他,キーあり,なし,貨物自動車
窃盗,自動車盗,松戸東,五香交番,122076,千葉県,松戸市,金ケ作,2022/5/20,18,駐車（輪）場,駐車（輪）場,キーなし,なし,乗用自動車
窃盗,自動車盗,松戸東,五香交番,122076,千葉県,松戸市,五香７丁目,2022/2/15,22,駐車（輪）場,駐車（輪）場,キーなし,あり,乗用自動車
窃盗,自動車盗,松戸東,五香交番,122076,千葉県,松戸市,五香７丁目,2022/6/30,19,一戸建住宅,その他,キーなし,あり,乗用自動車
窃盗,自動車盗,松戸東,六実交番,122076,千葉県,松戸市,六実５丁目,2022/1/8,20,その他,駐車（輪）場,キーなし,なし,貨物自動車
窃盗,自動車盗,松戸東,六実交番,122076,千葉県,松戸市,六実６丁目,2022/5/8,21,その他の住宅（３階建て以下共同住宅等）,駐車（輪）場,キーあり,あり,乗用自動車
窃盗,自動車盗,松戸東,小金原交番,122076,千葉県,松戸市,小金きよしケ丘４丁目,2022/9/16,21,その他,駐車（輪）場,キーなし,あり,乗用自動車
窃盗,自動車盗,松戸東,小金原交番,122076,千葉県,松戸市,小金原５丁目,2022/2/15,20,駐車（輪）場,駐車（輪）場,キーなし,なし,乗用自動車
窃盗,自動車盗,松戸東,小金原交番,122076,千葉県,松戸市,根木内,2022/4/4,18,その他の住宅（３階建て以下共同住宅等）,駐車（輪）場,キーなし,あり,乗用自動車
窃盗,自動車盗,松戸東,常盤平交番,122076,千葉県,松戸市,常盤平６丁目,2022/3/27,15,駐車（輪）場,駐車（輪）場,キーなし,あり,乗用自動車
窃盗,自動車盗,松戸東,馬橋交番,122076,千葉県,松戸市,八ケ崎３丁目,2022/5/28,15,駐車（輪）場,駐車（輪）場,キーなし,なし,貨物自動車
窃盗,自動車盗,松戸東,馬橋交番,122076,千葉県,松戸市,馬橋,2022/4/4,22,その他,駐車（輪）場,キーあり,あり,乗用自動車
窃盗,自動車盗,流山,初石交番,122203,千葉県,流山市,駒木,2022/10/18,12,駐車（輪）場,駐車（輪）場,キーなし,なし,乗用自動車
窃盗,自動車盗,流山,初石交番,122203,千葉県,流山市,美田,2022/10/19,12,一戸建住宅,駐車（輪）場,キーなし,あり,なし
窃盗,自動車盗,流山,東部交番,122203,千葉県,流山市,松ケ丘３丁目,2022/6/19,13,駐車（輪）場,駐車（輪）場,キーなし,あり,貨物自動車
窃盗,自動車盗,流山,流山おおたかの森駅前交番,122203,千葉県,流山市,おおたかの森北１丁目,2022/3/11,12,駐車（輪）場,駐車（輪）場,キーなし,あり,乗用自動車
窃盗,自動車盗,流山,流山おおたかの森駅前交番,122203,千葉県,流山市,おおたかの森東２丁目,2022/8/8,19,一戸建住宅,駐車（輪）場,キーなし,なし,乗用自動車
窃盗,自動車盗,流山,流山おおたかの森駅前交番,122203,千葉県,流山市,おおたかの森東４丁目,2022/10/17,15,一戸建住宅,駐車（輪）場,キーあり,あり,乗用自動車
窃盗,自動車盗,流山,流山おおたかの森駅前交番,122203,千葉県,流山市,おおたかの森南１丁目,2022/1/25,3,一戸建住宅,駐車（輪）場,キーなし,なし,乗用自動車
窃盗,自動車盗,流山,流山おおたかの森駅前交番,122203,千葉県,流山市,おおたかの森南３丁目,2022/1/24,20,一戸建住宅,駐車（輪）場,キーなし,あり,乗用自動車
窃盗,自動車盗,千葉東,みつわ台交番,121045,千葉県,千葉市若葉区,殿台町,2022/5/20,21,一戸建住宅,駐車（輪）場,キーなし,あり,乗用自動車
窃盗,自動車盗,千葉東,みつわ台交番,121045,千葉県,千葉市若葉区,東寺山町,2022/4/3,14,その他の住宅（３階建て以下共同住宅等）,駐車（輪）場,キーなし,あり,乗用自動車
窃盗,自動車盗,千葉東,みつわ台交番,121045,千葉県,千葉市若葉区,みつわ台１丁目,2022/5/18,20,一戸建住宅,駐車（輪）場,キーなし,あり,乗用自動車
窃盗,自動車盗,千葉東,みつわ台交番,121045,千葉県,千葉市若葉区,みつわ台１丁目,2022/9/10,17,駐車（輪）場,駐車（輪）場,キーなし,なし,乗用自動車
窃盗,自動車盗,千葉東,みつわ台交番,121045,千葉県,千葉市若葉区,みつわ台３丁目,2022/3/10,9,道路上,その他,キーなし,なし,乗用自動車
窃盗,自動車盗,千葉東,中田駐在所,121045,千葉県,千葉市若葉区,中田町,2022/4/26,15,その他,駐車（輪）場,キーなし,なし,貨物自動車
窃盗,自動車盗,千葉東,中野駐在所,121045,千葉県,千葉市若葉区,中野町,2022/4/18,15,その他,その他,キーなし,なし,貨物自動車
窃盗,自動車盗,千葉東,中野駐在所,121045,千葉県,千葉市若葉区,中野町,2022/9/22,17,一戸建住宅,駐車（輪）場,キーなし,なし,貨物自動車
窃盗,自動車盗,千葉東,千城台交番,121045,千葉県,千葉市若葉区,金親町,2022/6/3,3,その他,駐車（輪）場,キーあり,なし,乗用自動車
窃盗,自動車盗,千葉東,千城台交番,121045,千葉県,千葉市若葉区,桜木北３丁目,2022/4/15,21,一戸建住宅,駐車（輪）場,キーなし,なし,乗用自動車
窃盗,自動車盗,千葉東,大宮交番,121045,千葉県,千葉市若葉区,大宮町,2022/10/21,6,その他,駐車（輪）場,キーあり,なし,乗用自動車
窃盗,自動車盗,千葉東,大宮交番,121045,千葉県,千葉市若葉区,大宮町,2022/11/3,11,駐車（輪）場,駐車（輪）場,キーなし,なし,貨物自動車
窃盗,自動車盗,千葉東,小倉交番,121045,千葉県,千葉市若葉区,小倉台６丁目,2022/2/3,18,一戸建住宅,駐車（輪）場,キーなし,なし,乗用自動車
窃盗,自動車盗,千葉東,小倉交番,121045,千葉県,千葉市若葉区,小倉台６丁目,2022/8/18,21,一戸建住宅,駐車（輪）場,キーなし,なし,乗用自動車
窃盗,自動車盗,千葉東,小倉交番,121045,千葉県,千葉市若葉区,小倉町,2022/2/3,13,４階建て以上共同住宅,駐車（輪）場,キーなし,あり,乗用自動車
窃盗,自動車盗,千葉東,小倉交番,121045,千葉県,千葉市若葉区,小倉町,2022/2/7,22,その他,その他,キーあり,なし,乗用自動車
窃盗,自動車盗,千葉東,小倉交番,121045,千葉県,千葉市若葉区,小倉町,2022/5/3,17,一戸建住宅,駐車（輪）場,キーなし,あり,乗用自動車
窃盗,自動車盗,千葉東,桜木交番,121045,千葉県,千葉市若葉区,桜木２丁目,2022/5/1,18,一戸建住宅,駐車（輪）場,キーなし,あり,乗用自動車
窃盗,自動車盗,千葉東,桜木交番,121045,千葉県,千葉市若葉区,桜木２丁目,2022/11/28,22,一戸建住宅,駐車（輪）場,キーあり,なし,貨物自動車
窃盗,自動車盗,千葉東,桜木交番,121045,千葉県,千葉市若葉区,桜木４丁目,2022/3/25,18,駐車（輪）場,駐車（輪）場,キーなし,なし,乗用自動車
窃盗,自動車盗,千葉東,桜木交番,121045,千葉県,千葉市若葉区,桜木５丁目,2021/12/31,17,駐車（輪）場,駐車（輪）場,キーなし,なし,貨物自動車
窃盗,自動車盗,千葉東,桜木交番,121045,千葉県,千葉市若葉区,桜木５丁目,2022/10/9,13,駐車（輪）場,駐車（輪）場,キーなし,なし,乗用自動車
窃盗,自動車盗,千葉東,桜木交番,121045,千葉県,千葉市若葉区,桜木８丁目,2022/5/5,0,一戸建住宅,駐車（輪）場,キーなし,なし,乗用自動車
窃盗,自動車盗,千葉東,若松交番,121045,千葉県,千葉市若葉区,若松町,2022/1/7,15,駐車（輪）場,駐車（輪）場,キーなし,なし,貨物自動車
窃盗,自動車盗,千葉東,都賀交番,121045,千葉県,千葉市若葉区,高品町,2022/6/9,6,一戸建住宅,駐車（輪）場,キーなし,なし,乗用自動車
窃盗,自動車盗,千葉東,都賀交番,121045,千葉県,千葉市若葉区,西都賀４丁目,2022/11/12,6,駐車（輪）場,駐車（輪）場,キーあり,あり,乗用自動車
窃盗,自動車盗,千葉東,野呂駐在所,121045,千葉県,千葉市若葉区,野呂町,2022/1/15,22,駐車（輪）場,駐車（輪）場,キーあり,なし,乗用自動車
窃盗,自動車盗,鎌ケ谷,くぬぎ山交番,122246,千葉県,鎌ケ谷市,北中沢２丁目,2022/8/10,17,一戸建住宅,駐車（輪）場,キーなし,なし,乗用自動車
窃盗,自動車盗,鎌ケ谷,くぬぎ山交番,122246,千葉県,鎌ケ谷市,東中沢１丁目,2022/11/24,7,一戸建住宅,駐車（輪）場,キーなし,なし,乗用自動車
窃盗,自動車盗,鎌ケ谷,新鎌ヶ谷駅前交番,122246,千葉県,鎌ケ谷市,新鎌ケ谷２丁目,2022/1/28,16,一戸建住宅,駐車（輪）場,キーなし,なし,乗用自動車
窃盗,自動車盗,鎌ケ谷,新鎌ヶ谷駅前交番,122246,千葉県,鎌ケ谷市,新鎌ケ谷３丁目,2022/9/6,20,一戸建住宅,駐車（輪）場,キーなし,なし,乗用自動車
窃盗,自動車盗,鎌ケ谷,粟野交番,122246,千葉県,鎌ケ谷市,東初富１丁目,2022/4/6,19,その他の住宅（３階建て以下共同住宅等）,駐車（輪）場,キーなし,なし,乗用自動車
窃盗,自動車盗,鎌ケ谷,鎌ヶ谷大仏交番,122246,千葉県,鎌ケ谷市,右京塚,2022/9/14,18,駐車（輪）場,駐車（輪）場,キーなし,なし,乗用自動車
窃盗,自動車盗,鎌ケ谷,鎌ヶ谷駅前交番,122246,千葉県,鎌ケ谷市,富岡２丁目,2022/9/16,1,一戸建住宅,駐車（輪）場,キーなし,なし,なし
窃盗,自動車盗,鎌ケ谷,鎌ヶ谷駅前交番,122246,千葉県,鎌ケ谷市,東道野辺２丁目,2022/1/26,2,一戸建住宅,駐車（輪）場,キーなし,あり,なし
窃盗,自動車盗,鎌ケ谷,鎌ヶ谷駅前交番,122246,千葉県,鎌ケ谷市,東初富３丁目,2022/6/21,1,一戸建住宅,駐車（輪）場,キーなし,あり,乗用自動車
窃盗,自動車盗,千葉北,こてはし台交番,121029,千葉県,千葉市花見川区,内山町,2022/2/23,6,その他,駐車（輪）場,キーなし,なし,貨物自動車
窃盗,自動車盗,千葉北,こてはし台交番,121029,千葉県,千葉市花見川区,こてはし台１丁目,2022/4/29,17,一戸建住宅,駐車（輪）場,キーなし,あり,乗用自動車
窃盗,自動車盗,千葉北,こてはし台交番,121029,千葉県,千葉市花見川区,大日町,2022/5/19,1,その他,駐車（輪）場,キーなし,あり,乗用自動車
窃盗,自動車盗,千葉北,こてはし台交番,121029,千葉県,千葉市花見川区,大日町,2022/9/17,17,その他,駐車（輪）場,キーあり,あり,乗用自動車
窃盗,自動車盗,千葉北,こてはし台交番,121029,千葉県,千葉市花見川区,横戸台,2022/5/25,17,一戸建住宅,駐車（輪）場,キーなし,なし,乗用自動車
窃盗,自動車盗,千葉北,こてはし台交番,121029,千葉県,千葉市花見川区,横戸町,2022/1/8,13,道路上,その他,キーなし,なし,貨物自動車
窃盗,自動車盗,千葉北,こてはし台交番,121029,千葉県,千葉市花見川区,横戸町,2022/4/9,8,その他,その他,キーあり,なし,特殊自動車
窃盗,自動車盗,千葉北,作新台交番,121029,千葉県,千葉市花見川区,天戸町,2022/6/12,16,駐車（輪）場,駐車（輪）場,キーなし,なし,乗用自動車
窃盗,自動車盗,千葉北,作新台交番,121029,千葉県,千葉市花見川区,天戸町,2022/11/22,16,その他,その他,キーなし,なし,乗用自動車
窃盗,自動車盗,千葉北,作新台交番,121029,千葉県,千葉市花見川区,作新台５丁目,2022/8/15,16,駐車（輪）場,駐車（輪）場,キーなし,あり,乗用自動車
窃盗,自動車盗,千葉北,作新台交番,121029,千葉県,千葉市花見川区,長作台１丁目,2022/3/18,18,一戸建住宅,駐車（輪）場,キーなし,なし,乗用自動車
窃盗,自動車盗,千葉北,作草部交番,121037,千葉県,千葉市稲毛区,黒砂２丁目,2022/1/11,5,駐車（輪）場,駐車（輪）場,キーなし,なし,乗用自動車
窃盗,自動車盗,千葉北,作草部交番,121037,千葉県,千葉市稲毛区,作草部町,2022/3/12,18,その他,駐車（輪）場,キーなし,なし,乗用自動車
窃盗,自動車盗,千葉北,作草部交番,121037,千葉県,千葉市稲毛区,作草部１丁目,2022/11/26,11,駐車（輪）場,駐車（輪）場,キーなし,なし,貨物自動車
窃盗,自動車盗,千葉北,宮野木交番,121029,千葉県,千葉市花見川区,宮野木台１丁目,2022/3/15,15,駐車（輪）場,駐車（輪）場,キーあり,あり,乗用自動車
窃盗,自動車盗,千葉北,宮野木交番,121029,千葉県,千葉市花見川区,宮野木台４丁目,2022/4/12,2,一戸建住宅,駐車（輪）場,キーあり,あり,乗用自動車
窃盗,自動車盗,千葉北,山王交番,121037,千葉県,千葉市稲毛区,山王町,2022/11/21,16,駐車（輪）場,駐車（輪）場,キーなし,なし,貨物自動車
窃盗,自動車盗,千葉北,山王交番,121037,千葉県,千葉市稲毛区,長沼原町,2022/3/31,21,その他,駐車（輪）場,キーあり,なし,乗用自動車
窃盗,自動車盗,千葉北,山王交番,121037,千葉県,千葉市稲毛区,長沼原町,2022/6/20,10,その他,その他,キーなし,なし,なし
窃盗,自動車盗,千葉北,山王交番,121037,千葉県,千葉市稲毛区,長沼原町,2022/9/30,18,その他,駐車（輪）場,キーあり,あり,乗用自動車
窃盗,自動車盗,千葉北,山王交番,121037,千葉県,千葉市稲毛区,長沼原町,2022/11/3,15,その他,その他,キーあり,なし,貨物自動車
窃盗,自動車盗,千葉北,山王交番,121037,千葉県,千葉市稲毛区,長沼原町,2022/12/3,18,その他,その他,キーなし,なし,貨物自動車
窃盗,自動車盗,千葉北,柏台交番,121037,千葉県,千葉市稲毛区,園生町,2022/9/16,17,駐車（輪）場,駐車（輪）場,キーなし,あり,なし
窃盗,自動車盗,千葉北,柏台交番,121037,千葉県,千葉市稲毛区,宮野木町,2022/9/27,21,一戸建住宅,駐車（輪）場,キーなし,なし,乗用自動車
窃盗,自動車盗,千葉北,穴川交番,121037,千葉県,千葉市稲毛区,園生町,2022/4/28,20,一戸建住宅,駐車（輪）場,キーなし,なし,乗用自動車
窃盗,自動車盗,千葉北,穴川交番,121037,千葉県,千葉市稲毛区,園生町,2022/6/8,21,一戸建住宅,駐車（輪）場,キーなし,あり,乗用自動車
窃盗,自動車盗,千葉北,穴川交番,121037,千葉県,千葉市稲毛区,萩台町,2022/5/1,17,一戸建住宅,駐車（輪）場,キーなし,なし,乗用自動車
窃盗,自動車盗,千葉北,花見川交番,121029,千葉県,千葉市花見川区,柏井町,不明,不明,４階建て以上共同住宅,駐車（輪）場,キーなし,あり,なし
窃盗,自動車盗,千葉北,長沼交番,121029,千葉県,千葉市花見川区,犢橋町,2022/1/13,16,駐車（輪）場,駐車（輪）場,キーなし,あり,乗用自動車
窃盗,自動車盗,千葉北,長沼交番,121029,千葉県,千葉市花見川区,犢橋町,2022/3/13,20,一戸建住宅,駐車（輪）場,キーなし,あり,乗用自動車
窃盗,自動車盗,千葉北,長沼交番,121029,千葉県,千葉市花見川区,犢橋町,2022/9/18,17,その他,駐車（輪）場,キーなし,あり,貨物自動車
窃盗,自動車盗,千葉北,長沼交番,121029,千葉県,千葉市花見川区,三角町,2022/10/22,11,その他,駐車（輪）場,キーなし,なし,なし
窃盗,自動車盗,千葉北,長沼交番,121037,千葉県,千葉市稲毛区,園生町,2022/9/30,13,その他,駐車（輪）場,キーあり,あり,乗用自動車
窃盗,自動車盗,千葉北,長沼交番,121037,千葉県,千葉市稲毛区,長沼町,2022/4/3,11,駐車（輪）場,駐車（輪）場,キーなし,あり,乗用自動車
窃盗,自動車盗,千葉北,長沼交番,121037,千葉県,千葉市稲毛区,長沼原町,2022/11/28,11,その他,その他,キーなし,なし,貨物自動車
窃盗,自動車盗,行徳,今井橋交番,122033,千葉県,市川市,広尾１丁目,2022/4/25,12,駐車（輪）場,駐車（輪）場,キーなし,あり,乗用自動車
窃盗,自動車盗,行徳,今井橋交番,122033,千葉県,市川市,広尾１丁目,2022/4/26,22,その他の住宅（３階建て以下共同住宅等）,駐車（輪）場,キーなし,あり,乗用自動車
窃盗,自動車盗,行徳,今井橋交番,122033,千葉県,市川市,広尾１丁目,2022/6/26,22,４階建て以上共同住宅,駐車（輪）場,キーなし,なし,乗用自動車
窃盗,自動車盗,行徳,塩焼交番,122033,千葉県,市川市,塩浜１丁目,2022/3/21,23,その他,駐車（輪）場,キーあり,あり,貨物自動車
窃盗,自動車盗,行徳,塩焼交番,122033,千葉県,市川市,塩焼５丁目,2022/12/10,18,駐車（輪）場,駐車（輪）場,キーなし,なし,乗用自動車
窃盗,自動車盗,行徳,妙典駅前交番,122033,千葉県,市川市,相之川１丁目,2022/5/18,18,その他,駐車（輪）場,キーなし,あり,なし
窃盗,自動車盗,行徳,行徳駅前交番,122033,千葉県,市川市,行徳駅前３丁目,2022/5/24,17,その他の住宅（３階建て以下共同住宅等）,駐車（輪）場,キーなし,なし,乗用自動車
窃盗,自動車盗,行徳,行徳駅前交番,122033,千葉県,市川市,行徳駅前４丁目,2022/1/25,18,一戸建住宅,駐車（輪）場,キーなし,あり,乗用自動車
窃盗,自動車盗,行徳,香取交番,122033,千葉県,市川市,欠真間１丁目,2022/7/14,3,その他の住宅（３階建て以下共同住宅等）,駐車（輪）場,キーなし,あり,乗用自動車
窃盗,自動車盗,四街道,千代田交番,122289,千葉県,四街道市,もねの里３丁目,2022/2/13,17,一戸建住宅,駐車（輪）場,キーなし,なし,乗用自動車
窃盗,自動車盗,四街道,四街道駅前交番,122289,千葉県,四街道市,鹿渡,2022/6/10,20,駐車（輪）場,駐車（輪）場,キーなし,あり,乗用自動車
窃盗,自動車盗,四街道,四街道駅前交番,122289,千葉県,四街道市,美しが丘１丁目,2022/5/17,23,駐車（輪）場,駐車（輪）場,キーなし,なし,乗用自動車
窃盗,自動車盗,四街道,四街道駅前交番,122289,千葉県,四街道市,美しが丘１丁目,2022/7/31,18,駐車（輪）場,駐車（輪）場,キーなし,なし,なし
窃盗,自動車盗,四街道,四街道駅前交番,122289,千葉県,四街道市,めいわ１丁目,2022/3/9,17,一戸建住宅,駐車（輪）場,キーなし,なし,乗用自動車
窃盗,自動車盗,四街道,四街道駅前交番,122289,千葉県,四街道市,めいわ１丁目,2022/3/9,20,一戸建住宅,駐車（輪）場,キーなし,あり,乗用自動車
窃盗,自動車盗,四街道,四街道駅前交番,122289,千葉県,四街道市,めいわ１丁目,2022/3/9,22,一戸建住宅,駐車（輪）場,キーあり,あり,乗用自動車
窃盗,自動車盗,四街道,四街道駅前交番,122289,千葉県,四街道市,めいわ２丁目,2022/8/25,20,駐車（輪）場,駐車（輪）場,キーなし,なし,乗用自動車
窃盗,自動車盗,四街道,大日交番,122289,千葉県,四街道市,大日,2022/3/14,20,一戸建住宅,駐車（輪）場,キーなし,あり,乗用自動車
窃盗,自動車盗,四街道,大日交番,122289,千葉県,四街道市,大日,2022/11/4,0,その他,駐車（輪）場,キーなし,なし,乗用自動車
窃盗,自動車盗,四街道,大日交番,122289,千葉県,四街道市,鹿放ケ丘,2022/7/19,17,その他,駐車（輪）場,キーなし,なし,乗用自動車
窃盗,自動車盗,四街道,大日交番,122289,千葉県,四街道市,鹿放ケ丘,2022/11/28,17,その他,その他,キーなし,なし,貨物自動車
窃盗,自動車盗,四街道,旭交番,122289,千葉県,四街道市,小名木,2022/2/13,23,一戸建住宅,駐車（輪）場,キーあり,あり,乗用自動車
窃盗,自動車盗,四街道,旭交番,122289,千葉県,四街道市,山梨,2022/9/20,22,一戸建住宅,駐車（輪）場,キーなし,あり,なし
